M_number,name,ra,dec,type,distance_ly,apparent_magnitude,x,y,z,display_name,description
M 76,M  76,25.58189905342,51.57542638057,PN,4.683600159999999,17.479999542236328,2.625434928951746,1.2568779752273345,3.6692587327661417,M  76,Deep sky object
M 76,M  76,25.58189905342,51.57542638057,PN,2433.12376,17.479999542236328,1363.9097889958239,652.9463576041725,1906.1748012838038,M  76,Deep sky object
M103,M 103,23.3379,60.65370000000001,OpC,6722.075159999999,7.400000095367432,3024.8686470906246,1305.0869310286525,5859.454942824918,M 103,Deep sky object
M103,M 103,23.3379,60.65370000000001,OpC,8160.423119999999,7.400000095367432,3672.111283367657,1584.3413398513771,7113.224777752521,M 103,Deep sky object
M103,M 103,23.3379,60.65370000000001,OpC,7175.432,7.400000095367432,3228.8748294999386,1393.1058943537291,6254.634097144503,M 103,Deep sky object
M103,M 103,23.3379,60.65370000000001,OpC,7475.495519999999,7.400000095367432,3363.9005041881173,1451.3630499357937,6516.191523025091,M 103,Deep sky object
M103,M 103,23.3379,60.65370000000001,OpC,7155.862639999999,7.400000095367432,3220.068807237666,1389.306514641855,6237.576004152291,M 103,Deep sky object
M 82,M  82,148.96845833333333,69.67970277777778,AGN,10.9914572,8.40999984741211,-3.2707077487708536,1.9676908944130984,10.30741455194298,M  82,Deep sky object
M 82,M  82,148.96845833333333,69.67970277777778,AGN,12.6874684,8.40999984741211,-3.775386689234012,2.271310854381885,11.897876144527654,M  82,Deep sky object
M 82,M  82,148.96845833333333,69.67970277777778,AGN,11.774231599999998,8.40999984741211,-3.50363649052308,2.107823183629461,11.04147374852052,M  82,Deep sky object
M 82,M  82,148.96845833333333,69.67970277777778,AGN,11.787603996,8.40999984741211,-3.5076156898613484,2.1102171102369076,11.054013926462053,M  82,Deep sky object
M 82,M  82,148.96845833333333,69.67970277777778,AGN,11.774231599999998,8.40999984741211,-3.50363649052308,2.107823183629461,11.04147374852052,M  82,Deep sky object
M 82,M  82,148.96845833333333,69.67970277777778,AGN,11.5133068,8.40999984741211,-3.425993576605672,2.0611124205573406,10.796787349661342,M  82,Deep sky object
M 82,M  82,148.96845833333333,69.67970277777778,AGN,11.5133068,8.40999984741211,-3.425993576605672,2.0611124205573406,10.796787349661342,M  82,Deep sky object
M 82,M  82,148.96845833333333,69.67970277777778,AGN,12.6874684,8.40999984741211,-3.775386689234012,2.271310854381885,11.897876144527654,M  82,Deep sky object
M 82,M  82,148.96845833333333,69.67970277777778,AGN,12.720083999999998,8.40999984741211,-3.7850920534736883,2.2771496997659,11.928461944385049,M  82,Deep sky object
M 82,M  82,148.96845833333333,69.67970277777778,AGN,15.949028399999998,8.40999984741211,-4.745923113201624,2.8551953927833975,14.956456130267409,M  82,Deep sky object
M 82,M  82,148.96845833333333,69.67970277777778,AGN,16.960112,8.40999984741211,-5.046789404631585,3.036199599687867,15.904615925846732,M  82,Deep sky object
M 81,M  81,148.88821939854,69.06529514038,Sy2,15.981644,6.940000057220459,-4.888937121369774,2.9505666026078767,14.926667259961402,M  81,Deep sky object
M 81,M  81,148.88821939854,69.06529514038,Sy2,11.0566884,6.940000057220459,-3.3823462941721503,2.0413103638450414,10.326816736993706,M  81,Deep sky object
M 81,M  81,148.88821939854,69.06529514038,Sy2,11.8394628,6.940000057220459,-3.6218044388923025,2.185827911727876,11.057918806869365,M  81,Deep sky object
M 81,M  81,148.88821939854,69.06529514038,Sy2,12.6874684,6.940000057220459,-3.8812174290058006,2.3423885886009472,11.849946049234665,M  81,Deep sky object
M 81,M  81,148.88821939854,69.06529514038,Sy2,11.3176132,6.940000057220459,-3.4621656757455344,2.089482879805986,10.570517426952259,M  81,Deep sky object
M 81,M  81,148.88821939854,69.06529514038,Sy2,11.578537999999998,6.940000057220459,-3.5419850573189176,2.137655395766931,10.81421811691081,M  81,Deep sky object
M 81,M  81,148.88821939854,69.06529514038,Sy2,11.578537999999998,6.940000057220459,-3.5419850573189176,2.137655395766931,10.81421811691081,M  81,Deep sky object
M 81,M  81,148.88821939854,69.06529514038,Sy2,12.067772,6.940000057220459,-3.6916463977690133,2.227978863193703,11.2711569105831,M  81,Deep sky object
M 81,M  81,148.88821939854,69.06529514038,Sy2,11.7334621,6.940000057220459,-3.589377815128115,2.1662578271187423,10.958915401573703,M  81,Deep sky object
M 81,M  81,148.88821939854,69.06529514038,Sy2,12.067772,6.940000057220459,-3.6916463977690133,2.227978863193703,11.2711569105831,M  81,Deep sky object
M 81,M  81,148.88821939854,69.06529514038,Sy2,11.774231599999998,6.940000057220459,-3.601849593498956,2.1737847827376395,10.996993634379725,M  81,Deep sky object
M 81,M  81,148.88821939854,69.06529514038,Sy2,11.774231599999998,6.940000057220459,-3.601849593498956,2.1737847827376395,10.996993634379725,M  81,Deep sky object
M 81,M  81,148.88821939854,69.06529514038,Sy2,11.8720784,6.940000057220459,-3.631781861588975,2.191849476222994,11.088381393114185,M  81,Deep sky object
M 81,M  81,148.88821939854,69.06529514038,Sy2,14.024708,6.940000057220459,-4.290291759569394,2.5892727329007896,13.098912085272252,M  81,Deep sky object
M 81,M  81,148.88821939854,69.06529514038,Sy2,12.2960812,6.940000057220459,-3.761488356645724,2.2701298146595295,11.484395014296833,M  81,Deep sky object
M 81,M  81,148.88821939854,69.06529514038,Sy2,11.741616,6.940000057220459,-3.5918721708022834,2.1677632182425217,10.966531048134907,M  81,Deep sky object
M 81,M  81,148.88821939854,69.06529514038,Sy2,13.4050116,6.940000057220459,-4.100720728332607,2.4748630074935454,12.520122946620686,M  81,Deep sky object
M102,M 102,226.6231708333333,55.76330833333333,SyG,47.944932,9.890000343322754,-18.525872022339055,-19.606437051283635,39.63705584993153,M 102,Deep sky object
M102,M 102,226.6231708333333,55.76330833333333,SyG,50.2932552,9.890000343322754,-19.433261672412804,-20.566752335428138,41.57846266707103,M 102,Deep sky object
M102,M 102,226.6231708333333,55.76330833333333,SyG,47.143892864,9.890000343322754,-18.216351330591678,-19.27886283769212,38.974820413418385,M 102,Deep sky object
M102,M 102,226.6231708333333,55.76330833333333,SyG,48.0101632,9.890000343322754,-18.55107729039666,-19.633112475843202,39.69098381707429,M 102,Deep sky object
M102,M 102,226.6231708333333,55.76330833333333,SyG,48.0101632,9.890000343322754,-18.55107729039666,-19.633112475843202,39.69098381707429,M 102,Deep sky object
M102,M 102,226.6231708333333,55.76330833333333,SyG,48.597244,9.890000343322754,-18.7779247029151,-19.87319129687933,40.17633552135917,M 102,Deep sky object
M102,M 102,226.6231708333333,55.76330833333333,SyG,50.064946,9.890000343322754,-19.34504323421119,-20.473388349469644,41.38971478207136,M 102,Deep sky object
M102,M 102,226.6231708333333,55.76330833333333,SyG,48.9234,9.890000343322754,-18.90395104320312,-20.006568419677176,40.44597535707299,M 102,Deep sky object
M102,M 102,226.6231708333333,55.76330833333333,SyG,42.1719708,9.890000343322754,-16.295205799241085,-17.245661977761724,34.86443075779691,M 102,Deep sky object
M101,M 101,210.80242916666668,54.34875,GiP,21.852452,7.860000133514404,-10.940040184666136,-6.522201485071069,17.756859715567135,M 101,Deep sky object
M101,M 101,210.80242916666668,54.34875,GiP,22.7656888,7.860000133514404,-11.397235893876065,-6.794771099372546,18.49893743502367,M 101,Deep sky object
M101,M 101,210.80242916666668,54.34875,GiP,22.667842,7.860000133514404,-11.34825063931786,-6.765567212125959,18.41942910793904,M 101,Deep sky object
M101,M 101,210.80242916666668,54.34875,GiP,23.196540876,7.860000133514404,-11.612934298114034,-6.92336554954835,18.849039101952986,M 101,Deep sky object
M101,M 101,210.80242916666668,54.34875,GiP,22.667842,7.860000133514404,-11.34825063931786,-6.765567212125959,18.41942910793904,M 101,Deep sky object
M101,M 101,210.80242916666668,54.34875,GiP,22.667842,7.860000133514404,-11.34825063931786,-6.765567212125959,18.41942910793904,M 101,Deep sky object
M101,M 101,210.80242916666668,54.34875,GiP,23.483232,7.860000133514404,-11.75646109396958,-7.00893293918085,19.081998500310952,M 101,Deep sky object
M101,M 101,210.80242916666668,54.34875,GiP,21.852452,7.860000133514404,-10.940040184666136,-6.522201485071069,17.756859715567135,M 101,Deep sky object
M101,M 101,210.80242916666668,54.34875,GiP,24.4617,7.860000133514404,-12.246313639551646,-7.300971811646718,19.87708177115724,M 101,Deep sky object
M101,M 101,210.80242916666668,54.34875,GiP,16.112106400000002,7.860000133514404,-8.066238583918018,-4.80890676660464,13.092371193268903,M 101,Deep sky object
M101,M 101,210.80242916666668,54.34875,GiP,21.852452,7.860000133514404,-10.940040184666136,-6.522201485071069,17.756859715567135,M 101,Deep sky object
M101,M 101,210.80242916666668,54.34875,GiP,17.612424,7.860000133514404,-8.817345820477184,-5.256699704385637,14.311498875233212,M 101,Deep sky object
M108,M 108,167.87902916666664,55.67412222222222,AGN,27.6254132,,-15.23065793138189,3.2710013759309495,22.81427323950132,M 108,Deep sky object
M108,M 108,167.87902916666664,55.67412222222222,AGN,28.53865,,-15.734150755559803,3.3791336528212286,23.568464090393924,M 108,Deep sky object
M108,M 108,167.87902916666664,55.67412222222222,AGN,33.920224,,-18.701162040893937,4.016341713067517,28.01280303315392,M 108,Deep sky object
M108,M 108,167.87902916666664,55.67412222222222,AGN,32.289444,,-17.80206771200481,3.8232483614777335,26.666033656559986,M 108,Deep sky object
M108,M 108,167.87902916666664,55.67412222222222,AGN,31.147898,,-17.172701681782414,3.688083015364884,25.723295092944227,M 108,Deep sky object
M108,M 108,167.87902916666664,55.67412222222222,AGN,28.701728,,-15.824060188448716,3.3984429879802067,23.703141028053317,M 108,Deep sky object
M108,M 108,167.87902916666664,55.67412222222222,AGN,32.6156,,-17.98188657778263,3.8618670317956902,26.93538753187877,M 108,Deep sky object
M108,M 108,167.87902916666664,55.67412222222222,AGN,38.812564,,-21.398445027561333,4.595621767836871,32.05311116293574,M 108,Deep sky object
M108,M 108,167.87902916666664,55.67412222222222,AGN,27.1361792,,-14.960929632715152,3.213073370454014,22.410242426523137,M 108,Deep sky object
M108,M 108,167.87902916666664,55.67412222222222,AGN,32.6156,,-17.98188657778263,3.8618670317956902,26.93538753187877,M 108,Deep sky object
M108,M 108,167.87902916666664,55.67412222222222,AGN,39.4322604,,-21.7401008725392,4.668997241440989,32.564883526041434,M 108,Deep sky object
M108,M 108,167.87902916666664,55.67412222222222,AGN,49.249556,,-27.152648732451773,5.831419218011491,40.67243517313695,M 108,Deep sky object
M 97,M  97,168.69880122825,55.01902300891,PN,2.26026108,15.777000427246094,-1.2706925193890586,0.2539370682314398,1.8519278161714279,M  97,Deep sky object
M 97,M  97,168.69880122825,55.01902300891,PN,2641.57984428,15.777000427246094,-1485.0654984934351,296.7776807251517,2164.3584608641413,M  97,Deep sky object
M 97,M  97,168.69880122825,55.01902300891,PN,2868.314036956,15.777000427246094,-1612.5328274106373,322.25093983907925,2350.1314063036375,M  97,Deep sky object
M 97,M  97,168.69880122825,55.01902300891,PN,2025.42876,15.777000427246094,-1138.672517374611,227.55399620739414,1659.5197313743965,M  97,Deep sky object
M109,M 109,179.39984644985,53.37472391176001,GiG,78.27744,,-46.6961135334811,0.48914359042422684,62.821901693356835,M 109,Deep sky object
M109,M 109,179.39984644985,53.37472391176001,GiG,63.8939604,,-38.11570267170395,0.39926345568377514,51.278377257202514,M 109,Deep sky object
M109,M 109,179.39984644985,53.37472391176001,GiG,85.3876408,,-50.937677179438964,0.533574133221094,68.52822443050341,M 109,Deep sky object
M109,M 109,179.39984644985,53.37472391176001,GiG,94.58524,,-56.424470519623,0.5910485050959408,75.90979787947285,M 109,Deep sky object
M109,M 109,179.39984644985,53.37472391176001,GiG,77.29897199999999,,-46.11241211431258,0.48302929554392393,62.036627922189865,M 109,Deep sky object
M109,M 109,179.39984644985,53.37472391176001,GiG,87.3771924,,-52.12453673174828,0.5460065328110432,70.12494776520957,M 109,Deep sky object
M109,M 109,179.39984644985,53.37472391176001,GiG,67.514292,,-40.27539792262745,0.4218863467408956,54.18389021052027,M 109,Deep sky object
M109,M 109,179.39984644985,53.37472391176001,GiG,71.75431999999999,,-42.804770739024335,0.4483816245555412,57.58674321891043,M 109,Deep sky object
M109,M 109,179.39984644985,53.37472391176001,GiG,59.9148572,,-35.74198356708533,0.37439865650387694,48.08493058779021,M 109,Deep sky object
M 51,M  51,202.469575,47.19525833333333,Sy2,26.09248,8.359999656677246,-16.383885826117936,-6.776237138261917,19.143364595419786,M  51,Deep sky object
M 51,M  51,202.469575,47.19525833333333,Sy2,24.8530872,8.359999656677246,-15.605651249377335,-6.454365874194476,18.23405477713735,M  51,Deep sky object
M 51,M  51,202.469575,47.19525833333333,Sy2,27.397104,8.359999656677246,-17.20308011742383,-7.1150489951750115,20.10053282519078,M  51,Deep sky object
M 51,M  51,202.469575,47.19525833333333,Sy2,24.787856,8.359999656677246,-15.56469153481204,-6.437425281348822,18.1861963656488,M  51,Deep sky object
M 51,M  51,202.469575,47.19525833333333,Sy2,22.0807612,8.359999656677246,-13.864863380352304,-5.734390678254147,16.200072288873997,M  51,Deep sky object
M 51,M  51,202.469575,47.19525833333333,Sy2,27.397104,8.359999656677246,-17.20308011742383,-7.1150489951750115,20.10053282519078,M  51,Deep sky object
M 51,M  51,202.469575,47.19525833333333,Sy2,24.5595468,8.359999656677246,-15.421332533833505,-6.378133206389029,18.018691925438876,M  51,Deep sky object
M 51,M  51,202.469575,47.19525833333333,Sy2,20.221672,8.359999656677246,-12.6975115152414,-5.251583782152985,14.836107561450337,M  51,Deep sky object
M 51,M  51,202.469575,47.19525833333333,Sy2,25.114012,8.359999656677246,-15.76949010763851,-6.522128245577094,18.425488423091547,M  51,Deep sky object
M 51,M  51,202.469575,47.19525833333333,Sy2,26.09248,8.359999656677246,-16.383885826117936,-6.776237138261917,19.143364595419786,M  51,Deep sky object
M106,M 106,184.7400833333333,47.30371944444444,Sy2,27.7558756,8.40999984741211,-18.757217981545253,-1.555335783370201,20.399419955391846,M 106,Deep sky object
M106,M 106,184.7400833333333,47.30371944444444,Sy2,22.667842,8.40999984741211,-15.31876204133249,-1.2702213506959927,16.65992581550803,M 106,Deep sky object
M106,M 106,184.7400833333333,47.30371944444444,Sy2,26.0272488,8.40999984741211,-17.589024617242195,-1.4584699825257583,19.1289507924826,M 106,Deep sky object
M106,M 106,184.7400833333333,47.30371944444444,Sy2,24.7552404,8.40999984741211,-16.729410632189012,-1.3871913743572064,18.194077257511648,M 106,Deep sky object
M106,M 106,184.7400833333333,47.30371944444444,Sy2,24.298622,8.40999984741211,-16.42083125293915,-1.361604181681316,17.858481629573358,M 106,Deep sky object
M106,M 106,184.7400833333333,47.30371944444444,Sy2,25.5380148,8.40999984741211,-17.258403853760203,-1.4310551332301615,18.769384048263003,M 106,Deep sky object
M106,M 106,184.7400833333333,47.30371944444444,Sy2,22.341686,8.40999984741211,-15.09834819901116,-1.251944784498928,16.420214652694963,M 106,Deep sky object
M106,M 106,184.7400833333333,47.30371944444444,Sy2,24.9835496,8.40999984741211,-16.883700321813937,-1.3999849706951515,18.361875071480792,M 106,Deep sky object
M106,M 106,184.7400833333333,47.30371944444444,Sy2,24.855696448,8.40999984741211,-16.79729809562398,-1.3928205567459024,18.26790829565807,M 106,Deep sky object
M106,M 106,184.7400833333333,47.30371944444444,Sy2,24.9835496,8.40999984741211,-16.883700321813937,-1.3999849706951515,18.361875071480792,M 106,Deep sky object
M106,M 106,184.7400833333333,47.30371944444444,Sy2,23.8420036,8.40999984741211,-16.112251873689285,-1.3360169890054254,17.522886001635065,M 106,Deep sky object
M106,M 106,184.7400833333333,47.30371944444444,Sy2,23.483232,8.40999984741211,-15.869796647135818,-1.3159127661886543,17.259203722540693,M 106,Deep sky object
M106,M 106,184.7400833333333,47.30371944444444,Sy2,23.8420036,8.40999984741211,-16.112251873689285,-1.3360169890054254,17.522886001635065,M 106,Deep sky object
M106,M 106,184.7400833333333,47.30371944444444,Sy2,23.157076,8.40999984741211,-15.649382804814486,-1.2976361999915895,17.019492559727627,M 106,Deep sky object
M106,M 106,184.7400833333333,47.30371944444444,Sy2,24.4617,8.40999984741211,-16.531038174099812,-1.370742464779848,17.978337210979888,M 106,Deep sky object
M106,M 106,184.7400833333333,47.30371944444444,Sy2,21.526296,8.40999984741211,-14.547313593207832,-1.2062533690062662,15.8209367456623,M 106,Deep sky object
M106,M 106,184.7400833333333,47.30371944444444,Sy2,22.83092,8.40999984741211,-15.428968962493157,-1.279359633794525,16.77978139691456,M 106,Deep sky object
M106,M 106,184.7400833333333,47.30371944444444,Sy2,24.3964688,8.40999984741211,-16.486955405635545,-1.3670871515404353,17.930394978417276,M 106,Deep sky object
M106,M 106,184.7400833333333,47.30371944444444,Sy2,23.483232,8.40999984741211,-15.869796647135818,-1.3159127661886543,17.259203722540693,M 106,Deep sky object
M106,M 106,184.7400833333333,47.30371944444444,Sy2,22.341686,8.40999984741211,-15.09834819901116,-1.251944784498928,16.420214652694963,M 106,Deep sky object
M106,M 106,184.7400833333333,47.30371944444444,Sy2,22.178608,8.40999984741211,-14.988141277850495,-1.2428065014003957,16.300359071288433,M 106,Deep sky object
M 79,M  79,81.04412500000002,-24.52425,GlC,0.04240028,8.15999984741211,0.006005141866149301,0.03810487899951416,-0.017599437822788694,M  79,Deep sky object
M 38,M  38,82.1668,35.819,OpC,3.3920224,6.400000095367432,0.3748630825093142,2.7248237932594686,1.985101742269261,M  38,Deep sky object
M 38,M  38,82.1668,35.819,OpC,3.77688648,6.400000095367432,0.41739562456325563,3.0339864928792926,2.2103344399498117,M  38,Deep sky object
M 38,M  38,82.1668,35.819,OpC,3600.76224,6.400000095367432,397.93157989450276,2892.5052574600513,2107.2618494858307,M  38,Deep sky object
M 38,M  38,82.1668,35.819,OpC,3734.4862,6.400000095367432,412.7098360318892,2999.9261954635494,2185.520668171446,M  38,Deep sky object
M 38,M  38,82.1668,35.819,OpC,3483.34608,6.400000095367432,384.95555011533423,2798.1844338472233,2038.5467891765102,M  38,Deep sky object
M 38,M  38,82.1668,35.819,OpC,3731.22464,6.400000095367432,412.3493907602456,2997.3061725854154,2183.611916496187,M  38,Deep sky object
M 38,M  38,82.1668,35.819,OpC,3476.82296,6.400000095367432,384.2346595720471,2792.9443880909553,2034.7292858259923,M  38,Deep sky object
M 36,M  36,84.0826,34.133900000000004,OpC,3789.93272,6.0,323.41142698664316,3120.3197218375276,2126.6405207587,M  36,Deep sky object
M 36,M  36,84.0826,34.133900000000004,OpC,4344.397919999999,6.0,370.7263517609369,3576.820885961778,2437.766930852485,M  36,Deep sky object
M 36,M  36,84.0826,34.133900000000004,OpC,3542.05416,6.0,302.25887238166484,2916.2368484643334,1987.5487138932428,M  36,Deep sky object
M 36,M  36,84.0826,34.133900000000004,OpC,3913.872,6.0,333.98770428913235,3222.3611585241247,2196.1864241914286,M  36,Deep sky object
M 36,M  36,84.0826,34.133900000000004,OpC,4298.73608,6.0,366.8298285442304,3539.2266724456636,2412.1447559035855,M  36,Deep sky object
M 41,M  41,101.51290000000002,-20.7186,OpC,2.1526296,4.5,-0.4018550717269218,1.97290701625194,-0.7615540698777591,M  41,Deep sky object
M 41,M  41,101.51290000000002,-20.7186,OpC,2298.39850108,4.5,-429.0673576673632,2106.5057030358003,-813.1239729763147,M  41,Deep sky object
M 41,M  41,101.51290000000002,-20.7186,OpC,2243.95328,4.5,-418.90346870927607,2056.606101789901,-793.8624243574217,M  41,Deep sky object
M 41,M  41,101.51290000000002,-20.7186,OpC,2273.30732,4.5,-424.3833105964613,2083.5093792842454,-804.2472525830274,M  41,Deep sky object
M 41,M  41,101.51290000000002,-20.7186,OpC,2299.3998,4.5,-429.2542811628483,2107.4234037236633,-813.4782110057881,M  41,Deep sky object
M 41,M  41,101.51290000000002,-20.7186,OpC,2260.26108,4.5,-421.9478253132679,2071.552367064537,-799.6317733716471,M  41,Deep sky object
M 30,M  30,325.0921666666667,-23.17986111111111,GlC,0.0228309199999999,7.099999904632568,0.01721159531704283,-0.012010473832261778,-0.00898667975468693,M  30,Deep sky object
M  2,M   2,323.36258333333336,-0.8232499999999998,GlC,0.0391387199999999,6.25,0.03140276072512002,-0.023353582020213405,-0.0005623423373856776,M   2,Deep sky object
M 77,M  77,40.66962152891999,-0.01329435839,Sy2,47.944932,8.869999885559082,36.36526984699485,31.245536156088104,-0.011124678094784818,M  77,Deep sky object
M 77,M  77,40.66962152891999,-0.01329435839,Sy2,32.917294299999995,8.869999885559082,24.96710788644867,21.4520798404979,-0.007637810453851411,M  77,Deep sky object
M 77,M  77,40.66962152891999,-0.01329435839,Sy2,61.96964,8.869999885559082,47.00272973421103,40.38538686841319,-0.014378835632715069,M  77,Deep sky object
M 77,M  77,40.66962152891999,-0.01329435839,Sy2,53.163428,8.869999885559082,40.32339445619157,34.64641083974396,-0.01233552741122398,M  77,Deep sky object
M 77,M  77,40.66962152891999,-0.01329435839,Sy2,32.6156,8.869999885559082,24.738278807479492,21.25546677284905,-0.007567808227744773,M  77,Deep sky object
M 77,M  77,40.66962152891999,-0.01329435839,Sy2,45.66184,8.869999885559082,34.633590330471286,29.75765348198867,-0.010594931518842682,M  77,Deep sky object
M 77,M  77,40.66962152891999,-0.01329435839,Sy2,50.4237176,8.869999885559082,38.24537903636329,32.86095163082463,-0.01169983152009342,M  77,Deep sky object
M 77,M  77,40.66962152891999,-0.01329435839,Sy2,52.83727199999999,8.869999885559082,40.07601166811676,34.43385617201545,-0.012259849328946531,M  77,Deep sky object
M 77,M  77,40.66962152891999,-0.01329435839,Sy2,53.81574,8.869999885559082,40.818160032341154,35.07152017520093,-0.012486883575778877,M  77,Deep sky object
M 15,M  15,322.49304166666667,12.166999999999998,GlC,33.7897616,,26.202619406660794,-20.111033345546705,7.121591324193362,M  15,Deep sky object
M 15,M  15,322.49304166666667,12.166999999999998,GlC,32.289444,,25.039182637639183,-19.218072405493476,6.8053816708025385,M  15,Deep sky object
M 74,M  74,24.17393801526,15.78364097564,G,23.809388,9.460000038146973,20.902466509456236,9.38251504541516,6.476284596754736,M  74,Deep sky object
M 74,M  74,24.17393801526,15.78364097564,G,23.809388,9.460000038146973,20.902466509456236,9.38251504541516,6.476284596754736,M  74,Deep sky object
M 74,M  74,24.17393801526,15.78364097564,G,23.809388,9.460000038146973,20.902466509456236,9.38251504541516,6.476284596754736,M  74,Deep sky object
M 74,M  74,24.17393801526,15.78364097564,G,33.2352964,9.460000038146973,29.177552565939596,13.09696278257267,9.040183567250791,M  74,Deep sky object
M 74,M  74,24.17393801526,15.78364097564,G,33.069282996,9.460000038146973,29.031807970688728,13.031542232461485,8.995027007528211,M  74,Deep sky object
M 74,M  74,24.17393801526,15.78364097564,G,23.483232,9.460000038146973,20.616131351792454,9.253987442053308,6.387568369401932,M  74,Deep sky object
M 74,M  74,24.17393801526,15.78364097564,G,35.87716,9.460000038146973,31.496867343016252,14.138036369803668,9.758785008808507,M  74,Deep sky object
M 74,M  74,24.17393801526,15.78364097564,G,37.181784,9.460000038146973,32.64220797367138,14.652146783251071,10.113649918219727,M  74,Deep sky object
M 74,M  74,24.17393801526,15.78364097564,G,31.637131999999998,9.460000038146973,27.774510293387053,12.467177526099595,8.605474053222046,M  74,Deep sky object
M 33,M  33,23.46206906218,30.660175111980003,GiG,2.609248,5.71999979019165,2.058927160612554,0.8936267235222819,1.3305733169588048,M  33,Deep sky object
M 33,M  33,23.46206906218,30.660175111980003,GiG,2.44617,5.71999979019165,1.9302442130742694,0.8377750533021392,1.2474124846488794,M  33,Deep sky object
M 33,M  33,23.46206906218,30.660175111980003,GiG,2.7397104,5.71999979019165,2.1618735186431817,0.9383080596983959,1.3971019828067448,M  33,Deep sky object
M 33,M  33,23.46206906218,30.660175111980003,GiG,2776.0441784,5.71999979019165,2190.544079354712,950.7518118234437,1415.6302162453962,M  33,Deep sky object
M 33,M  33,23.46206906218,30.660175111980003,GiG,2675.620746,5.71999979019165,2111.3011202606363,916.35835330188,1364.4197757089444,M  33,Deep sky object
M 33,M  33,23.46206906218,30.660175111980003,GiG,2497.050336,5.71999979019165,1970.3932927062142,855.2007744108237,1273.358664329576,M  33,Deep sky object
M 33,M  33,23.46206906218,30.660175111980003,GiG,3.0332508,5.71999979019165,2.393502824212094,1.0388410660946525,1.5467914809646104,M  33,Deep sky object
M 33,M  33,23.46206906218,30.660175111980003,GiG,3.0332508,5.71999979019165,2.393502824212094,1.0388410660946525,1.5467914809646104,M  33,Deep sky object
M 33,M  33,23.46206906218,30.660175111980003,GiG,2.9680196,5.71999979019165,2.3420296451967806,1.0165003980065956,1.5135271480406403,M  33,Deep sky object
M 33,M  33,23.46206906218,30.660175111980003,GiG,2.9680196,5.71999979019165,2.3420296451967806,1.0165003980065956,1.5135271480406403,M  33,Deep sky object
M 33,M  33,23.46206906218,30.660175111980003,GiG,2674.4792,5.71999979019165,2110.4003396278686,915.9673916103392,1363.837649882775,M  33,Deep sky object
M 33,M  33,23.46206906218,30.660175111980003,GiG,2.935404,5.71999979019165,2.316293055689124,1.0053300639625673,1.4968949815786554,M  33,Deep sky object
M 33,M  33,23.46206906218,30.660175111980003,GiG,2.8701728,5.71999979019165,2.2648198766738097,0.9829893958745101,1.4636306486546853,M  33,Deep sky object
M 33,M  33,23.46206906218,30.660175111980003,GiG,2.7397104,5.71999979019165,2.1618735186431817,0.9383080596983959,1.3971019828067448,M  33,Deep sky object
M 33,M  33,23.46206906218,30.660175111980003,GiG,13.4050116,5.71999979019165,10.577738287646998,4.591007292095723,6.835820415875859,M  33,Deep sky object
M 32,M  32,10.67427,40.86517,GiG,2.5766324,8.079999923706055,1.9148636074631347,0.36092669497030777,1.685842166515252,M  32,Deep sky object
M 32,M  32,10.67427,40.86517,GiG,2.5766324,8.079999923706055,1.9148636074631347,0.36092669497030777,1.685842166515252,M  32,Deep sky object
M 32,M  32,10.67427,40.86517,GiG,2.5440168,8.079999923706055,1.8906248276218296,0.35635800262891154,1.6645023922555655,M  32,Deep sky object
M 32,M  32,10.67427,40.86517,GiG,2.283092,8.079999923706055,1.6967145888913853,0.3198084638977411,1.4937841981780715,M  32,Deep sky object
M 32,M  32,10.67427,40.86517,GiG,2.5440168,8.079999923706055,1.8906248276218296,0.35635800262891154,1.6645023922555655,M  32,Deep sky object
M 32,M  32,10.67427,40.86517,GiG,2.5440168,8.079999923706055,1.8906248276218296,0.35635800262891154,1.6645023922555655,M  32,Deep sky object
M 32,M  32,10.67427,40.86517,GiG,2.6418636,8.079999923706055,1.9633411671457461,0.37006407965310045,1.7285217150346257,M  32,Deep sky object
M 32,M  32,10.67427,40.86517,GiG,2.5440168,8.079999923706055,1.8906248276218296,0.35635800262891154,1.6645023922555655,M  32,Deep sky object
M 32,M  32,10.67427,40.86517,GiG,13.4050116,8.079999923706055,9.962138514776562,1.8777325523138797,8.770647220731249,M  32,Deep sky object
M 31,M  31,10.684708333333331,41.26875,rG,2482.04716,3.440000057220459,1833.221605751706,345.88410730659695,1637.1380005918627,M  31,Deep sky object
M 31,M  31,10.684708333333331,41.26875,rG,2.5766324,3.440000057220459,1.9030815618184593,0.35906497341946325,1.6995256510743382,M  31,Deep sky object
M 31,M  31,10.684708333333331,41.26875,rG,2.5114012,3.440000057220459,1.8549022817724226,0.3499747209278313,1.656499685224355,M  31,Deep sky object
M 31,M  31,10.684708333333331,41.26875,rG,2.6744791999999995,3.440000057220459,1.9753504818875147,0.3727003521569112,1.764064599849313,M  31,Deep sky object
M 31,M  31,10.684708333333331,41.26875,rG,2.5114012,3.440000057220459,1.8549022817724226,0.3499747209278313,1.656499685224355,M  31,Deep sky object
M 31,M  31,10.684708333333331,41.26875,rG,2384.20036,3.440000057220459,1760.9526856826503,332.2487285691489,1572.5990518168876,M  31,Deep sky object
M 31,M  31,10.684708333333331,41.26875,rG,2599.46332,3.440000057220459,1919.9443098345723,362.2465617915345,1714.5847391218324,M  31,Deep sky object
M 31,M  31,10.684708333333331,41.26875,rG,2.5114012,3.440000057220459,1.8549022817724226,0.3499747209278313,1.656499685224355,M  31,Deep sky object
M 31,M  31,10.684708333333331,41.26875,rG,2452.69312,3.440000057220459,1811.5409297309893,341.79349368536253,1617.77631595937,M  31,Deep sky object
M 31,M  31,10.684708333333331,41.26875,rG,2540.75524,3.440000057220459,1876.582957793139,354.06533454906565,1675.8613698568474,M  31,Deep sky object
M 31,M  31,10.684708333333331,41.26875,rG,2.283092,3.440000057220459,1.6862748016112932,0.31815883720711935,1.5059088047494136,M  31,Deep sky object
M 31,M  31,10.684708333333331,41.26875,rG,2.5440168,3.440000057220459,1.8789919217954412,0.3545198471736473,1.6780126681493468,M  31,Deep sky object
M 31,M  31,10.684708333333331,41.26875,rG,2.609248,3.440000057220459,1.927171201841478,0.36361009966527924,1.72103863399933,M  31,Deep sky object
M 31,M  31,10.684708333333331,41.26875,rG,2.5440168,3.440000057220459,1.8789919217954412,0.3545198471736473,1.6780126681493468,M  31,Deep sky object
M110,M 110,10.09190514583,41.68541867226,GiG,2.609248,8.069999694824219,1.9184569213362004,0.3414495896271099,1.7352551236704954,M 110,Deep sky object
M110,M 110,10.09190514583,41.68541867226,GiG,2.609248,8.069999694824219,1.9184569213362004,0.3414495896271099,1.7352551236704954,M 110,Deep sky object
M110,M 110,10.09190514583,41.68541867226,GiG,2.6418636,8.069999694824219,1.9424376328529032,0.34571770949744884,1.7569458127163766,M 110,Deep sky object
M110,M 110,10.09190514583,41.68541867226,GiG,2.283092,8.069999694824219,1.6786498061691753,0.29876839092372115,1.5183482332116833,M 110,Deep sky object
M110,M 110,10.09190514583,41.68541867226,GiG,2.6418636,8.069999694824219,1.9424376328529032,0.34571770949744884,1.7569458127163766,M 110,Deep sky object
M110,M 110,10.09190514583,41.68541867226,GiG,2.4787856,8.069999694824219,1.8225340752693904,0.32437711014575443,1.6484923674869707,M 110,Deep sky object
M110,M 110,10.09190514583,41.68541867226,GiG,2.6418636,8.069999694824219,1.9424376328529032,0.34571770949744884,1.7569458127163766,M 110,Deep sky object
M110,M 110,10.09190514583,41.68541867226,GiG,13.4050116,8.069999694824219,9.856072433364728,1.7541972667092771,8.914873197857169,M 110,Deep sky object
M 96,M  96,161.6906,11.819938888888888,GiP,35.87716,9.25,-33.3386206836654,11.03176275332193,7.348958506529829,M  96,Deep sky object
M 96,M  96,161.6906,11.819938888888888,GiP,32.289444,9.25,-30.004758615298854,9.928586477989734,6.614062655876846,M  96,Deep sky object
M 96,M  96,161.6906,11.819938888888888,GiP,32.9091404,9.25,-30.580607518016706,10.119135107365294,6.740999211898724,M  96,Deep sky object
M 96,M  96,161.6906,11.819938888888888,GiP,34.311611199999994,9.25,-31.883844508378168,10.550376742267877,7.028276680790344,M  96,Deep sky object
M 96,M  96,161.6906,11.819938888888888,GiP,31.7349788,9.25,-29.489525386551296,9.758095599074759,6.5004878425941115,M  96,Deep sky object
M 96,M  96,161.6906,11.819938888888888,GiP,33.8549928,9.25,-31.45953479058607,10.409972489043781,6.934744481616328,M  96,Deep sky object
M 96,M  96,161.6906,11.819938888888888,GiP,33.9854552,9.25,-31.580766138526666,10.45008798996495,6.9614679670946185,M  96,Deep sky object
M 96,M  96,161.6906,11.819938888888888,GiP,33.9854552,9.25,-31.580766138526666,10.45008798996495,6.9614679670946185,M  96,Deep sky object
M 96,M  96,161.6906,11.819938888888888,GiP,34.8008452,9.25,-32.338462063155426,10.700809870722267,7.128489751333933,M  96,Deep sky object
M 96,M  96,161.6906,11.819938888888888,GiP,37.50794,9.25,-34.85401253292291,11.53320651483656,7.683002075008456,M  96,Deep sky object
M 96,M  96,161.6906,11.819938888888888,GiP,34.311611199999994,9.25,-31.883844508378168,10.550376742267877,7.028276680790344,M  96,Deep sky object
M 96,M  96,161.6906,11.819938888888888,GiP,32.941756,9.25,-30.610915355001854,10.129163982595585,6.747680083268296,M  96,Deep sky object
M 96,M  96,161.6906,11.819938888888888,GiP,34.1485332,9.25,-31.732305323452426,10.500232366116418,6.994872323942483,M  96,Deep sky object
M 96,M  96,161.6906,11.819938888888888,GiP,39.13872,9.25,-36.36940438218043,12.034650276351194,8.017045643487085,M  96,Deep sky object
M 96,M  96,161.6906,11.819938888888888,GiP,45.66184,9.25,-42.4309717792105,14.040425322409725,9.3532199174016,M  96,Deep sky object
M 96,M  96,161.6906,11.819938888888888,GiP,33.9854552,9.25,-31.580766138526666,10.45008798996495,6.9614679670946185,M  96,Deep sky object
M105,M 105,161.95666666666665,12.581630555555554,LIN,26.418636,9.760000228881836,-24.51623260318714,7.986311264421333,5.754780572245721,M 105,Deep sky object
M105,M 105,161.95666666666665,12.581630555555554,LIN,33.9528396,9.760000228881836,-31.50789893817014,10.26388892131186,7.395958735441722,M 105,Deep sky object
M105,M 105,161.95666666666665,12.581630555555554,LIN,35.9423912,9.760000228881836,-33.35418312186695,10.865327177027543,7.829343445203438,M 105,Deep sky object
M105,M 105,161.95666666666665,12.581630555555554,LIN,33.594068,9.760000228881836,-31.174962446028093,10.155432842412312,7.3178073943371515,M 105,Deep sky object
M105,M 105,161.95666666666665,12.581630555555554,LIN,36.5620876,9.760000228881836,-33.92925524465776,11.052660404217672,7.964332125293152,M 105,Deep sky object
M105,M 105,161.95666666666665,12.581630555555554,LIN,56.098832,9.760000228881836,-52.05916058948381,16.95858688247493,12.220027881805729,M 105,Deep sky object
M105,M 105,161.95666666666665,12.581630555555554,LIN,36.5947032,9.760000228881836,-33.959522198488855,11.062520047753996,7.971436792666294,M 105,Deep sky object
M 95,M  95,160.99054728575,11.703694775369998,GiP,30.332508,9.729999542236328,-28.082090160185686,9.674621683200947,6.1529626272393525,M  95,Deep sky object
M 95,M  95,160.99054728575,11.703694775369998,GiP,32.6156,9.729999542236328,-30.19579587116741,10.402819014194568,6.616088846493928,M  95,Deep sky object
M 95,M  95,160.99054728575,11.703694775369998,GiP,31.147898,9.729999542236328,-28.836985056964874,9.934692158555812,6.318364848401702,M  95,Deep sky object
M 95,M  95,160.99054728575,11.703694775369998,GiP,31.8654412,9.729999542236328,-29.501292566130555,10.163554176868091,6.463918803024567,M  95,Deep sky object
M 95,M  95,160.99054728575,11.703694775369998,GiP,30.4303548,9.729999542236328,-28.17267754779919,9.705830140243531,6.172810893778834,M  95,Deep sky object
M 95,M  95,160.99054728575,11.703694775369998,GiP,32.452521999999995,9.729999542236328,-30.04481689181156,10.350804919123592,6.583008402261457,M  95,Deep sky object
M 95,M  95,160.99054728575,11.703694775369998,GiP,32.316514948,9.729999542236328,-29.9189004230288,10.307425163834402,6.555419311771578,M  95,Deep sky object
M 95,M  95,160.99054728575,11.703694775369998,GiP,32.452521999999995,9.729999542236328,-30.04481689181156,10.350804919123592,6.583008402261457,M  95,Deep sky object
M 95,M  95,160.99054728575,11.703694775369998,GiP,34.4746892,9.729999542236328,-31.91695623582395,10.995779698003657,6.993205910744082,M  95,Deep sky object
M 95,M  95,160.99054728575,11.703694775369998,GiP,1010.431288,9.729999542236328,-935.4657560887663,322.27933305974767,204.96643246438188,M  95,Deep sky object
M 95,M  95,160.99054728575,11.703694775369998,GiP,34.1485332,9.729999542236328,-31.614998277112278,10.891751507861713,6.927045022279143,M  95,Deep sky object
M 95,M  95,160.99054728575,11.703694775369998,GiP,31.963288,9.729999542236328,-29.59187995374406,10.194762633910676,6.483767069564049,M  95,Deep sky object
M 95,M  95,160.99054728575,11.703694775369998,GiP,32.6156,9.729999542236328,-30.19579587116741,10.402819014194568,6.616088846493928,M  95,Deep sky object
M 95,M  95,160.99054728575,11.703694775369998,GiP,32.6156,9.729999542236328,-30.19579587116741,10.402819014194568,6.616088846493928,M  95,Deep sky object
M 95,M  95,160.99054728575,11.703694775369998,GiP,39.13872,9.729999542236328,-36.23495504540089,12.48338281703348,7.939306615792713,M  95,Deep sky object
M 95,M  95,160.99054728575,11.703694775369998,GiP,28.4081876,9.729999542236328,-26.30053820378681,9.060855361363469,5.762613385296211,M  95,Deep sky object
M 95,M  95,160.99054728575,11.703694775369998,GiP,32.6156,9.729999542236328,-30.19579587116741,10.402819014194568,6.616088846493928,M  95,Deep sky object
M 65,M  65,169.73295193949,13.092305751019998,GiP,47.944932,,-45.95091764908864,8.323399804070554,10.860510457289587,M  65,Deep sky object
M 65,M  65,169.73295193949,13.092305751019998,GiP,39.791032,,-38.13613573597833,6.907855619704814,9.013484869315167,M  65,Deep sky object
M 65,M  65,169.73295193949,13.092305751019998,GiP,36.9208592,,-35.3853325025635,6.4095840668080735,8.363331862348172,M  65,Deep sky object
M 65,M  65,169.73295193949,13.092305751019998,GiP,29.027884,,-27.820623610672712,5.039337296342036,6.575411093188934,M  65,Deep sky object
M 65,M  65,169.73295193949,13.092305751019998,GiP,41.258734,,-39.542796480338176,7.162653572890647,9.345949475150562,M  65,Deep sky object
M 65,M  65,169.73295193949,13.092305751019998,GiP,47.618776,,-45.63832637256422,8.266778036695923,10.78662943377061,M  65,Deep sky object
M 65,M  65,169.73295193949,13.092305751019998,GiP,39.7584164,,-38.10487660832588,6.90219344296735,9.006096766963271,M  65,Deep sky object
M 65,M  65,169.73295193949,13.092305751019998,GiP,24.135544,,-23.131754462806523,4.190010785722592,5.467195740404282,M  65,Deep sky object
M 65,M  65,169.73295193949,13.092305751019998,GiP,35.87716,,-34.38504041768538,6.228394411209258,8.126912587087446,M  65,Deep sky object
M 65,M  65,169.73295193949,13.092305751019998,GiP,27.005716799999995,,-25.88255769622135,4.688282338619332,6.117348747371277,M  65,Deep sky object
M 66,M  66,170.0626,12.9915,GiP,30.006352,8.920000076293945,-28.799626854910073,5.045713391671129,6.74562300569467,M  66,Deep sky object
M 66,M  66,170.0626,12.9915,GiP,36.26854719999999,8.920000076293945,-34.80998376376086,6.098731838628581,8.15340519818747,M  66,Deep sky object
M 66,M  66,170.0626,12.9915,GiP,30.658664,8.920000076293945,-29.42570569958203,5.155402813229197,6.8922669840793365,M  66,Deep sky object
M 66,M  66,170.0626,12.9915,GiP,24.7552404,8.920000076293945,-23.75969215530081,4.162713548128682,5.565138979698103,M  66,Deep sky object
M 66,M  66,170.0626,12.9915,GiP,32.778678,8.920000076293945,-31.460461944765893,5.511893433292919,7.368859913829503,M  66,Deep sky object
M 66,M  66,170.0626,12.9915,GiP,34.63776719999999,8.920000076293945,-33.24478665208097,5.824508284733412,7.786795252225802,M  66,Deep sky object
M 66,M  66,170.0626,12.9915,GiP,32.9091404,8.920000076293945,-31.58567771370028,5.533831317604531,7.398188709506436,M  66,Deep sky object
M 66,M  66,170.0626,12.9915,GiP,34.9639232,8.920000076293945,-33.55782607441696,5.8793529955124475,7.860117241418138,M  66,Deep sky object
M 66,M  66,170.0626,12.9915,GiP,30.5934328,8.920000076293945,-29.363097815114834,5.144433871073391,6.87760258624087,M  66,Deep sky object
M 66,M  66,170.0626,12.9915,GiP,27.1361792,8.920000076293945,-26.044879938353457,4.5630799368156305,6.1003895008021365,M  66,Deep sky object
M 66,M  66,170.0626,12.9915,GiP,37.44760114,8.920000076293945,-35.94162127550544,6.296995468094791,8.418464189117756,M  66,Deep sky object
M 66,M  66,170.0626,12.9915,GiP,27.1361792,8.920000076293945,-26.044879938353457,4.5630799368156305,6.1003895008021365,M  66,Deep sky object
M 66,M  66,170.0626,12.9915,GiP,29.3214244,8.920000076293945,-28.14224406800452,4.9305394990351585,6.59164682839077,M  66,Deep sky object
M 66,M  66,170.0626,12.9915,GiP,26.09248,8.920000076293945,-25.043153786878324,4.387576862322721,5.865759135386669,M  66,Deep sky object
M 66,M  66,170.0626,12.9915,GiP,29.4845024,8.920000076293945,-28.298763779172507,4.957961854424675,6.628307822986937,M  66,Deep sky object
M 66,M  66,170.0626,12.9915,GiP,33.594068,8.920000076293945,-32.24306050060584,5.649005210240504,7.552164886810337,M  66,Deep sky object
M 66,M  66,170.0626,12.9915,GiP,26.09248,8.920000076293945,-25.043153786878324,4.387576862322721,5.865759135386669,M  66,Deep sky object
M 66,M  66,170.0626,12.9915,GiP,32.778678,8.920000076293945,-31.460461944765893,5.511893433292919,7.368859913829503,M  66,Deep sky object
M 66,M  66,170.0626,12.9915,GiP,29.680196,8.920000076293945,-28.48658743257409,4.990868680892095,6.672301016502336,M  66,Deep sky object
M 66,M  66,170.0626,12.9915,GiP,23.9398504,8.920000076293945,-22.97709359946086,4.025601771181097,5.381834006717269,M  66,Deep sky object
M 98,M  98,183.45121278624,14.900542632,LIN,56.098832,10.140000343322754,-54.11411408208684,-3.2635129964809746,14.42536279602405,M  98,Deep sky object
M 98,M  98,183.45121278624,14.900542632,LIN,54.46805199999999,10.140000343322754,-52.541029370398256,-3.1686434326297825,14.006020854279162,M  98,Deep sky object
M 98,M  98,183.45121278624,14.900542632,LIN,48.6950908,10.140000343322754,-46.97230949102073,-2.8328051765965667,12.521550380502273,M  98,Deep sky object
M 98,M  98,183.45121278624,14.900542632,LIN,41.440402892,10.140000343322754,-39.974284842602955,-2.410768434848158,10.656065818455975,M  98,Deep sky object
M 98,M  98,183.45121278624,14.900542632,LIN,57.4686872,10.140000343322754,-55.43550523990523,-3.3432034301159743,14.777610027089754,M  98,Deep sky object
M 98,M  98,183.45121278624,14.900542632,LIN,53.81574,10.140000343322754,-51.91179548572284,-3.1306956070893066,13.83828407758121,M  98,Deep sky object
M 98,M  98,183.45121278624,14.900542632,LIN,62.948108,10.140000343322754,-60.721069871178834,-3.6619651646559768,16.18659895135257,M  98,Deep sky object
M 98,M  98,183.45121278624,14.900542632,LIN,42.40028,10.140000343322754,-40.90020250390285,-2.466608660130969,10.902890485367015,M  98,Deep sky object
M 98,M  98,183.45121278624,14.900542632,LIN,55.44652,10.140000343322754,-53.48488019741141,-3.2255651709404978,14.257626019326096,M  98,Deep sky object
M 98,M  98,183.45121278624,14.900542632,LIN,61.3825592,10.140000343322754,-59.210908547957814,-3.570890383358834,15.784030687277479,M  98,Deep sky object
M 98,M  98,183.45121278624,14.900542632,LIN,62.1979492,10.140000343322754,-59.99745090380209,-3.618325165284429,15.99370165814992,M  98,Deep sky object
M 98,M  98,183.45121278624,14.900542632,LIN,54.46805199999999,10.140000343322754,-52.541029370398256,-3.1686434326297825,14.006020854279162,M  98,Deep sky object
M 99,M  99,184.7067708333333,14.416488888888884,H2G,54.46805199999999,9.869999885559082,-52.575038666451995,-4.328710027430888,13.560835792612501,M  99,Deep sky object
M 99,M  99,184.7067708333333,14.416488888888884,H2G,53.81574,9.869999885559082,-51.945397484817846,-4.276869188779021,13.398430573539299,M  99,Deep sky object
M 99,M  99,184.7067708333333,14.416488888888884,H2G,42.0170467,9.869999885559082,-40.556762612010054,-3.339198019663378,10.460926173552728,M  99,Deep sky object
M 99,M  99,184.7067708333333,14.416488888888884,H2G,45.2378372,9.869999885559082,-43.6656159463287,-3.5951621605069715,11.262801942726671,M  99,Deep sky object
M 99,M  99,184.7067708333333,14.416488888888884,H2G,45.2378372,9.869999885559082,-43.6656159463287,-3.5951621605069715,11.262801942726671,M  99,Deep sky object
M 99,M  99,184.7067708333333,14.416488888888884,H2G,119.373096,9.869999885559082,-115.2243362390505,-9.486873473291647,29.720155090396265,M  99,Deep sky object
M 99,M  99,184.7067708333333,14.416488888888884,H2G,55.44652,9.869999885559082,-53.519500438903236,-4.4064712854086885,13.804443621222308,M  99,Deep sky object
M 99,M  99,184.7067708333333,14.416488888888884,H2G,54.794208,9.869999885559082,-52.88985925726908,-4.354630446756822,13.642038402149105,M  99,Deep sky object
M 99,M  99,184.7067708333333,14.416488888888884,H2G,67.6121388,9.869999885559082,-65.26230847638023,-5.373302926266006,16.833300956937556,M  99,Deep sky object
M 99,M  99,184.7067708333333,14.416488888888884,H2G,66.56843959999999,9.869999885559082,-64.25488258576559,-5.2903575844230195,16.573452606420428,M  99,Deep sky object
M 99,M  99,184.7067708333333,14.416488888888884,H2G,54.46805199999999,9.869999885559082,-52.575038666451995,-4.328710027430888,13.560835792612501,M  99,Deep sky object
M 99,M  99,184.7067708333333,14.416488888888884,H2G,65.2312,9.869999885559082,-62.96411816341557,-5.184083865186692,16.240521907320364,M  99,Deep sky object
M 99,M  99,184.7067708333333,14.416488888888884,H2G,42.074124,9.869999885559082,-40.611856215403044,-3.3437340930454167,10.475136630221634,M  99,Deep sky object
M 61,M  61,185.47886774287,4.47377704644,Sy2,78.929752,9.649999618530272,-78.32977057542611,-7.513142060109052,6.156743357265411,M  61,Deep sky object
M 61,M  61,185.47886774287,4.47377704644,Sy2,53.81574,9.649999618530272,-53.40666175597236,-5.122596859165263,4.197779561771871,M  61,Deep sky object
M 61,M  61,185.47886774287,4.47377704644,Sy2,55.44652,9.649999618530272,-55.025045445547285,-5.277827067018757,4.3249850030376855,M  61,Deep sky object
M 61,M  61,185.47886774287,4.47377704644,Sy2,49.575712,9.649999618530272,-49.19886416307757,-4.718998318746182,3.8670454144807542,M  61,Deep sky object
M 61,M  61,185.47886774287,4.47377704644,Sy2,61.96964,9.649999618530272,-61.498580203846956,-5.8987478984327275,4.833806768100943,M  61,Deep sky object
M 61,M  61,185.47886774287,4.47377704644,Sy2,64.57888799999999,9.649999618530272,-64.08799410716682,-6.147116230998316,5.037335474126245,M  61,Deep sky object
M 61,M  61,185.47886774287,4.47377704644,Sy2,34.572536,9.649999618530272,-34.309734218988304,-3.2908804064940482,2.6967553548352625,M  61,Deep sky object
M 85,M  85,186.35022083333328,18.191080555555555,GiP,60.4693224,,-57.09463264950188,-6.35396552881729,18.877738111123836,M  85,Deep sky object
M 85,M  85,186.35022083333328,18.191080555555555,GiP,62.23056479999999,,-58.75758311502134,-6.539032485967306,19.42757514348666,M  85,Deep sky object
M 85,M  85,186.35022083333328,18.191080555555555,GiP,58.25146159999999,,-55.00054687810698,-6.120918249443192,18.185350737037304,M  85,Deep sky object
M 85,M  85,186.35022083333328,18.191080555555555,GiP,58.38192399999999,,-55.123728394071385,-6.1346269129357855,18.226079406101217,M  85,Deep sky object
M 85,M  85,186.35022083333328,18.191080555555555,GiP,51.69572599999999,,-48.810675700895615,-5.4320579089403465,16.13873511657566,M  85,Deep sky object
M 85,M  85,186.35022083333328,18.191080555555555,GiP,51.69572599999999,,-48.810675700895615,-5.4320579089403465,16.13873511657566,M  85,Deep sky object
M 86,M  86,186.549225,12.945969444444444,GiG,54.794208,8.899999618530273,-53.05295043412892,-6.090796220610558,12.275662180922087,M  86,Deep sky object
M 86,M  86,186.549225,12.945969444444444,GiG,55.64221359999999,8.899999618530273,-53.87400800037137,-6.185058543072387,12.465642667055404,M  86,Deep sky object
M 86,M  86,186.549225,12.945969444444444,GiG,55.64221359999999,8.899999618530273,-53.87400800037137,-6.185058543072387,12.465642667055404,M  86,Deep sky object
M 86,M  86,186.549225,12.945969444444444,GiG,54.794208,8.899999618530273,-53.05295043412892,-6.090796220610558,12.275662180922087,M  86,Deep sky object
M 86,M  86,186.549225,12.945969444444444,GiG,54.89205479999999,8.899999618530273,-53.147687845618414,-6.101672642433075,12.29758300624516,M  86,Deep sky object
M 86,M  86,186.549225,12.945969444444444,GiG,55.44652,8.899999618530273,-53.68453317739235,-6.163305699427351,12.421801016409255,M  86,Deep sky object
M 86,M  86,186.549225,12.945969444444444,GiG,62.3610272,8.899999618530273,-60.37931025598481,-6.93190617488535,13.970872672573233,M  86,Deep sky object
M 86,M  86,186.549225,12.945969444444444,GiG,61.12163439999999,8.899999618530273,-59.179303043784266,-6.794138165133443,13.693208885147612,M  86,Deep sky object
M 86,M  86,186.549225,12.945969444444444,GiG,54.46805199999999,8.899999618530273,-52.737159062497184,-6.054541481202161,12.202592763178501,M  86,Deep sky object
M 84,M  84,186.2655972083333,12.886983138888889,Sy2,49.16801699999999,10.489999771118164,-47.64326816363841,-5.230911997630204,10.965876803656666,M  84,Deep sky object
M 84,M  84,186.2655972083333,12.886983138888889,Sy2,54.89205479999999,10.489999771118164,-53.18979789015154,-5.839883842130437,12.24250126736595,M  84,Deep sky object
M 84,M  84,186.2655972083333,12.886983138888889,Sy2,62.295796,10.489999771118164,-60.36394175293492,-6.627556826184871,13.89374772469933,M  84,Deep sky object
M 84,M  84,186.2655972083333,12.886983138888889,Sy2,55.120364,10.489999771118164,-53.411026996052364,-5.864173317409651,12.293420761644956,M  84,Deep sky object
M 84,M  84,186.2655972083333,12.886983138888889,Sy2,60.33886,10.489999771118164,-58.467692273785126,-6.4193613237916285,13.45729491659359,M  84,Deep sky object
M 84,M  84,186.2655972083333,12.886983138888889,Sy2,60.17578199999999,10.489999771118164,-58.30967148385597,-6.402011698592191,13.420923849251443,M  84,Deep sky object
M 84,M  84,186.2655972083333,12.886983138888889,Sy2,55.44652,10.489999771118164,-53.72706857591066,-5.898872567808524,12.366162896329245,M  84,Deep sky object
M 84,M  84,186.2655972083333,12.886983138888889,Sy2,62.85026119999999,10.489999771118164,-60.90121243869401,-6.686545551862955,14.017409353662618,M  84,Deep sky object
M 84,M  84,186.2655972083333,12.886983138888889,Sy2,62.3936428,10.489999771118164,-60.45875422689241,-6.637966601304533,13.915570365104616,M  84,Deep sky object
M 84,M  84,186.2655972083333,12.886983138888889,Sy2,54.794208,10.489999771118164,-53.094985416194056,-5.829474067010776,12.220678626960664,M  84,Deep sky object
M 87,M  87,187.70593076725,12.391123246083334,AGN,64.3505788,8.630000114440918,-62.28397445950201,-8.427688791836232,13.808605253647704,M  87,Deep sky object
M 87,M  87,187.70593076725,12.391123246083334,AGN,64.3831944,8.630000114440918,-62.31554261685604,-8.431960301614152,13.815604039888782,M  87,Deep sky object
M 87,M  87,187.70593076725,12.391123246083334,AGN,55.44652,8.630000114440918,-53.665867501851714,-7.261566622464063,11.897936609833298,M  87,Deep sky object
M 87,M  87,187.70593076725,12.391123246083334,AGN,56.1640632,8.630000114440918,-54.36036696364038,-7.355539837578303,12.051909907137023,M  87,Deep sky object
M 87,M  87,187.70593076725,12.391123246083334,AGN,55.44652,8.630000114440918,-53.665867501851714,-7.261566622464063,11.897936609833298,M  87,Deep sky object
M 87,M  87,187.70593076725,12.391123246083334,AGN,56.098832,8.630000114440918,-54.29723064893232,-7.346996818022463,12.037912334654868,M  87,Deep sky object
M 87,M  87,187.70593076725,12.391123246083334,AGN,53.8809712,8.630000114440918,-52.150595948858246,-7.0565341531239,11.561994870261534,M  87,Deep sky object
M 87,M  87,187.70593076725,12.391123246083334,AGN,53.8809712,8.630000114440918,-52.150595948858246,-7.0565341531239,11.561994870261534,M  87,Deep sky object
M 49,M  49,187.4449,8.0004,Sy2,54.128523604,12.170000076293944,-53.149829722796376,-6.945315549189884,7.533608690973887,M  49,Deep sky object
M 49,M  49,187.4449,8.0004,Sy2,52.4132692,12.170000076293944,-51.46558870837603,-6.725228573050056,7.294879558442167,M  49,Deep sky object
M 49,M  49,187.4449,8.0004,Sy2,59.686548,12.170000076293944,-58.60735988570512,-7.658474355122342,8.307174606066686,M  49,Deep sky object
M 49,M  49,187.4449,8.0004,Sy2,52.4132692,12.170000076293944,-51.46558870837603,-6.725228573050056,7.294879558442167,M  49,Deep sky object
M 49,M  49,187.4449,8.0004,Sy2,55.772676,12.170000076293944,-54.76425431942938,-7.156279315442188,7.762441845013133,M  49,Deep sky object
M 49,M  49,187.4449,8.0004,Sy2,55.9031384,12.170000076293944,-54.89235783830524,-7.1730191500981935,7.7805996037149185,M  49,Deep sky object
M 49,M  49,187.4449,8.0004,Sy2,62.8828768,12.170000076293944,-61.74589609816365,-8.068600304194467,8.752039694260421,M  49,Deep sky object
M 49,M  49,187.4449,8.0004,Sy2,61.80656199999999,12.170000076293944,-60.68904206743782,-7.930496668282424,8.602238184970693,M  49,Deep sky object
M 49,M  49,187.4449,8.0004,Sy2,54.794208,12.170000076293944,-53.803477927860435,-7.030730555522149,7.626258654749745,M  49,Deep sky object
M 91,M  91,188.86018615055,14.49632231493,LIN,48.9234,13.56999969482422,-46.80064991372731,-7.295471364505159,12.2464008093162,M  91,Deep sky object
M 91,M  91,188.86018615055,14.49632231493,LIN,48.23847239999999,13.56999969482422,-46.14544081493513,-7.193334765402086,12.07495119798577,M  91,Deep sky object
M 91,M  91,188.86018615055,14.49632231493,LIN,48.0101632,13.56999969482422,-45.927037782004405,-7.159289232367729,12.017801327542298,M  91,Deep sky object
M 91,M  91,188.86018615055,14.49632231493,LIN,55.9031384,13.56999969482422,-53.47754263475242,-8.336291945841229,13.99355399144531,M  91,Deep sky object
M 91,M  91,188.86018615055,14.49632231493,LIN,52.83727199999999,13.56999969482422,-50.544701906825495,-7.879109073665571,13.226112874061492,M  91,Deep sky object
M 91,M  91,188.86018615055,14.49632231493,LIN,55.9031384,13.56999969482422,-53.47754263475242,-8.336291945841229,13.99355399144531,M  91,Deep sky object
M 91,M  91,188.86018615055,14.49632231493,LIN,60.99117199999999,13.56999969482422,-58.344810225780044,-9.095020967749763,15.267179675614193,M  91,Deep sky object
M 91,M  91,188.86018615055,14.49632231493,LIN,57.729612,13.56999969482422,-55.22476689819823,-8.608656210116088,14.450752954993115,M  91,Deep sky object
M 91,M  91,188.86018615055,14.49632231493,LIN,54.794208,13.56999969482422,-52.41672790337459,-8.170927928245778,13.715968906434142,M  91,Deep sky object
M 91,M  91,188.86018615055,14.49632231493,LIN,61.96964,13.56999969482422,-59.28082322405459,-9.240930395039868,15.512107691800518,M  91,Deep sky object
M 91,M  91,188.86018615055,14.49632231493,LIN,61.2847124,13.56999969482422,-58.625614125262416,-9.138793795936795,15.34065808047009,M  91,Deep sky object
M 91,M  91,188.86018615055,14.49632231493,LIN,54.46805199999999,13.56999969482422,-52.1047235706164,-8.12229145248241,13.634326234372033,M  91,Deep sky object
M 60,M  60,190.9165333333333,11.552693333333336,GiP,56.70874372,,-54.55447206867994,-10.52186242526227,11.357006767283073,M  60,Deep sky object
M 60,M  60,190.9165333333333,11.552693333333336,GiP,56.68591279999999,,-54.53250845767856,-10.51762632720183,11.352434440408338,M  60,Deep sky object
M 60,M  60,190.9165333333333,11.552693333333336,GiP,51.858804,,-49.8887735602468,-9.62199416585208,10.385713901179091,M  60,Deep sky object
M 60,M  60,190.9165333333333,11.552693333333336,GiP,64.252732,,-61.81187667527433,-11.921590255804148,12.86783420460554,M  60,Deep sky object
M 60,M  60,190.9165333333333,11.552693333333336,GiP,56.68591279999999,,-54.53250845767856,-10.51762632720183,11.352434440408338,M  60,Deep sky object
M 60,M  60,190.9165333333333,11.552693333333336,GiP,56.424988,,-54.2814957605201,-10.469213777939682,11.300179276125677,M  60,Deep sky object
M 60,M  60,190.9165333333333,11.552693333333336,GiP,56.424988,,-54.2814957605201,-10.469213777939682,11.300179276125677,M  60,Deep sky object
M 60,M  60,190.9165333333333,11.552693333333336,GiP,62.85026119999999,,-60.46268342804752,-11.661372803520097,12.58696269658623,M  60,Deep sky object
M 60,M  60,190.9165333333333,11.552693333333336,GiP,63.50257319999999,,-61.090215170943715,-11.782404176675469,12.717600607292885,M  60,Deep sky object
M 60,M  60,190.9165333333333,11.552693333333336,GiP,48.597244,,-46.75111484576587,-9.016837300075219,9.732524347645816,M  60,Deep sky object
M 58,M  58,189.431656125,11.818090000000002,Sy2,54.46805199999999,9.65999984741211,-52.59277667642272,-8.73653452016224,11.155334809706176,M  58,Deep sky object
M 58,M  58,189.431656125,11.818090000000002,Sy2,53.81574,9.65999984741211,-51.962923063531434,-8.631905364232153,11.02173798563784,M  58,Deep sky object
M 58,M  58,189.431656125,11.818090000000002,Sy2,65.076602056,9.65999984741211,-62.83608598287378,-10.438118483053241,13.328019959529549,M  58,Deep sky object
M 58,M  58,189.431656125,11.818090000000002,Sy2,54.3702052,9.65999984741211,-52.49829863448904,-8.720840146772728,11.135295286095927,M  58,Deep sky object
M 58,M  58,189.431656125,11.818090000000002,Sy2,54.3702052,9.65999984741211,-52.49829863448904,-8.720840146772728,11.135295286095927,M  58,Deep sky object
M 58,M  58,189.431656125,11.818090000000002,Sy2,53.81574,9.65999984741211,-51.962923063531434,-8.631905364232153,11.02173798563784,M  58,Deep sky object
M 58,M  58,189.431656125,11.818090000000002,Sy2,70.12353999999999,9.65999984741211,-67.70926338581368,-11.247634262484322,14.361658587346273,M  58,Deep sky object
M 58,M  58,189.431656125,11.818090000000002,Sy2,58.70808,9.65999984741211,-56.686825160216124,-9.416624033707805,12.02371416615037,M  58,Deep sky object
M 58,M  58,189.431656125,11.818090000000002,Sy2,52.5763472,9.65999984741211,-50.766201199037994,-8.43310996796499,10.767904019907999,M  58,Deep sky object
M 58,M  58,189.431656125,11.818090000000002,Sy2,55.44652,9.65999984741211,-53.53755709575967,-8.89347825405737,11.355730045808683,M  58,Deep sky object
M 58,M  58,189.431656125,11.818090000000002,Sy2,54.794208,9.65999984741211,-52.90770348286837,-8.788849098127283,11.222133221740345,M  58,Deep sky object
M 58,M  58,189.431656125,11.818090000000002,Sy2,63.8287292,9.65999984741211,-61.63117602141274,-10.237962907758986,13.072449235086818,M  58,Deep sky object
M 58,M  58,189.431656125,11.818090000000002,Sy2,63.0133392,9.65999984741211,-60.84385900529863,-10.107176462846377,12.905453205001397,M  58,Deep sky object
M 58,M  58,189.431656125,11.818090000000002,Sy2,65.2312,9.65999984741211,-62.98536128912902,-10.462915593008672,13.359682406833745,M  58,Deep sky object
M 58,M  58,189.431656125,11.818090000000002,Sy2,66.209668,9.65999984741211,-63.930141708465946,-10.6198593269038,13.56007764293625,M  58,Deep sky object
M 90,M  90,189.20750409995,13.162923281399998,Sy2,45.987996,9.539999961853027,-44.20275626303382,-7.165225590391892,10.472423649071603,M  90,Deep sky object
M 90,M  90,189.20750409995,13.162923281399998,Sy2,54.46805199999999,9.539999961853027,-52.35361912004713,-8.486472862379047,12.403508860957142,M  90,Deep sky object
M 90,M  90,189.20750409995,13.162923281399998,Sy2,29.0604996,9.539999961853027,-27.932380021534133,-4.52781276669445,6.617680476115459,M  90,Deep sky object
M 90,M  90,189.20750409995,13.162923281399998,Sy2,53.81574,9.539999961853027,-51.72662966950765,-8.384838456841575,12.254963844658256,M  90,Deep sky object
M 90,M  90,189.20750409995,13.162923281399998,Sy2,38.674600012,9.539999961853027,-37.17326403831036,-6.025751452708505,8.80701119883662,M  90,Deep sky object
M 90,M  90,189.20750409995,13.162923281399998,Sy2,53.81574,9.539999961853027,-51.72662966950765,-8.384838456841575,12.254963844658256,M  90,Deep sky object
M 90,M  90,189.20750409995,13.162923281399998,Sy2,55.44652,9.539999961853027,-53.29410329585637,-8.638924470685259,12.626326385405477,M  90,Deep sky object
M 90,M  90,189.20750409995,13.162923281399998,Sy2,61.1868656,9.539999961853027,-58.811610460603845,-9.533307239415025,13.93352252883569,M  90,Deep sky object
M 90,M  90,189.20750409995,13.162923281399998,Sy2,61.317328,9.539999961853027,-58.93700835071176,-9.553634120522522,13.963231532095469,M  90,Deep sky object
M 90,M  90,189.20750409995,13.162923281399998,Sy2,54.46805199999999,9.539999961853027,-52.35361912004713,-8.486472862379047,12.403508860957142,M  90,Deep sky object
M 90,M  90,189.20750409995,13.162923281399998,Sy2,29.35404,9.539999961853027,-28.214525274276905,-4.573548249186314,6.684525733449958,M  90,Deep sky object
M 59,M  59,190.50940890632,11.64691930771,GiG,62.3936428,,-60.08386888910289,-11.146092871340612,12.596030123595943,M  59,Deep sky object
M 59,M  59,190.50940890632,11.64691930771,GiG,60.4693224,,-58.23078563533547,-10.802329421571091,12.207548274514835,M  59,Deep sky object
M 59,M  59,190.50940890632,11.64691930771,GiG,48.6950908,,-46.892428777538214,-8.698963228913504,9.830566113188052,M  59,Deep sky object
M 59,M  59,190.50940890632,11.64691930771,GiG,48.597244,,-46.79820420531276,-8.681483731467596,9.810812798827996,M  59,Deep sky object
M 59,M  59,190.50940890632,11.64691930771,GiG,50.064946,,-48.21157278869468,-8.943676193156215,10.10711251422884,M  59,Deep sky object
M 59,M  59,190.50940890632,11.64691930771,GiG,32.941756,,-31.722272649238846,-5.88476414012233,6.650282501218976,M  59,Deep sky object
M 59,M  59,190.50940890632,11.64691930771,GiG,50.064946,,-48.21157278869468,-8.943676193156215,10.10711251422884,M  59,Deep sky object
M 89,M  89,188.9158638892917,12.556341907138888,Sy2,51.9240352,9.75,-50.0697595667865,-7.854918849030251,11.288261967644958,M  89,Deep sky object
M 89,M  89,188.9158638892917,12.556341907138888,Sy2,51.218233616,9.75,-49.389163086242995,-7.748147213419061,11.134821019793302,M  89,Deep sky object
M 89,M  89,188.9158638892917,12.556341907138888,Sy2,51.69572599999999,9.75,-49.84960358879183,-7.820380889266927,11.238627649948025,M  89,Deep sky object
M 89,M  89,188.9158638892917,12.556341907138888,Sy2,29.680196,9.75,-28.620277139306356,-4.489934769232116,6.452461300601075,M  89,Deep sky object
M 89,M  89,188.9158638892917,12.556341907138888,Sy2,51.69572599999999,9.75,-49.84960358879183,-7.820380889266927,11.238627649948025,M  89,Deep sky object
M 89,M  89,188.9158638892917,12.556341907138888,Sy2,51.532648,9.75,-49.69234931879566,-7.795710918007411,11.203174565878792,M  89,Deep sky object
M 89,M  89,188.9158638892917,12.556341907138888,Sy2,51.69572599999999,9.75,-49.84960358879183,-7.820380889266927,11.238627649948025,M  89,Deep sky object
M 89,M  89,188.9158638892917,12.556341907138888,Sy2,48.9234,9.75,-47.17628099885663,-7.400991377855137,10.635925220771004,M  89,Deep sky object
M 89,M  89,188.9158638892917,12.556341907138888,Sy2,61.4477904,9.75,-59.25340893456393,-9.295645170586052,13.358722077288382,M  89,Deep sky object
M 89,M  89,188.9158638892917,12.556341907138888,Sy2,63.2090328,9.75,-60.95175505052277,-9.562080860188837,13.741615385236138,M  89,Deep sky object
M104,M 104,189.99763274591663,-11.623054494444448,LIN,47.29262,8.0,-45.61943401561395,-8.041993644352592,-9.528141727726208,M 104,Deep sky object
M104,M 104,189.99763274591663,-11.623054494444448,LIN,31.147898,8.0,-30.04590309304229,-5.296623400246018,-6.275431275847261,M 104,Deep sky object
M104,M 104,189.99763274591663,-11.623054494444448,LIN,30.332508,8.0,-29.259361127255843,-5.157968337412353,-6.111152970196809,M 104,Deep sky object
M104,M 104,189.99763274591663,-11.623054494444448,LIN,30.4303548,8.0,-29.353746163150216,-5.174606944952393,-6.130866366874863,M 104,Deep sky object
M104,M 104,189.99763274591663,-11.623054494444448,LIN,31.147898,8.0,-30.04590309304229,-5.296623400246018,-6.275431275847261,M 104,Deep sky object
M104,M 104,189.99763274591663,-11.623054494444448,LIN,28.017126556,8.0,-27.025896561208647,-4.764243420989876,-5.644668293471786,M 104,Deep sky object
M104,M 104,189.99763274591663,-11.623054494444448,LIN,36.7577812,8.0,-35.45731181765304,-6.2505702325416355,-7.405666018722369,M 104,Deep sky object
M104,M 104,189.99763274591663,-11.623054494444448,LIN,60.99117199999999,8.0,-58.83333904082626,-10.37139869995817,-12.288017262653797,M 104,Deep sky object
M104,M 104,189.99763274591663,-11.623054494444448,LIN,70.77585199999999,8.0,-68.27184263026362,-12.035259453962155,-14.259356930459218,M 104,Deep sky object
M104,M 104,189.99763274591663,-11.623054494444448,LIN,36.7577812,8.0,-35.45731181765304,-6.2505702325416355,-7.405666018722369,M 104,Deep sky object
M104,M 104,189.99763274591663,-11.623054494444448,LIN,51.206492,8.0,-49.39483545138889,-8.707537945954185,-10.316677594848375,M 104,Deep sky object
M104,M 104,189.99763274591663,-11.623054494444448,LIN,42.40028,8.0,-40.90018222089527,-7.2100632673506,-8.542471893823496,M 104,Deep sky object
M104,M 104,189.99763274591663,-11.623054494444448,LIN,31.8654412,8.0,-30.738060022934366,-5.418639855539643,-6.4199961848196585,M 104,Deep sky object
M104,M 104,189.99763274591663,-11.623054494444448,LIN,29.680196,8.0,-28.630127554626682,-5.04704428714542,-5.979730325676448,M 104,Deep sky object
M104,M 104,189.99763274591663,-11.623054494444448,LIN,39.2365668,8.0,-37.848399393643845,-6.672081623555978,-7.905072067899743,M 104,Deep sky object
M104,M 104,189.99763274591663,-11.623054494444448,LIN,44.68337199999999,8.0,-43.10249972509731,-7.598297443284863,-9.00245114964476,M 104,Deep sky object
M 68,M  68,189.8665833333333,-26.74405555555555,GlC,0.0326156,7.960000038146973,-0.028695768504700497,-0.004990969041327152,-0.014677208907457617,M  68,Deep sky object
M 94,M  94,192.72114082143,41.12025024573,SyG,15.1988696,8.239999771118164,-11.168726109836253,-2.5213117901053255,9.995407998593251,M  94,Deep sky object
M 94,M  94,192.72114082143,41.12025024573,SyG,16.960112,8.239999771118164,-12.462956174066205,-2.8134809674995047,11.153674161520366,M  94,Deep sky object
M 94,M  94,192.72114082143,41.12025024573,SyG,14.3834796,8.239999771118164,-10.56954552454461,-2.3860482820524647,9.459173663904771,M  94,Deep sky object
M 94,M  94,192.72114082143,41.12025024573,SyG,14.302919068,8.239999771118164,-10.510346482717795,-2.372684247456842,9.40619371163755,M  94,Deep sky object
M 94,M  94,192.72114082143,41.12025024573,SyG,14.970560399999998,8.239999771118164,-11.000955545954593,-2.4834380078505243,9.845262384880476,M  94,Deep sky object
M 94,M  94,192.72114082143,41.12025024573,SyG,14.970560399999998,8.239999771118164,-11.000955545954593,-2.4834380078505243,9.845262384880476,M  94,Deep sky object
M 94,M  94,192.72114082143,41.12025024573,SyG,16.633955999999998,8.239999771118164,-12.223283939949548,-2.7593755642783604,10.939180427644972,M  94,Deep sky object
M 94,M  94,192.72114082143,41.12025024573,SyG,13.86163,8.239999771118164,-10.186069949957957,-2.2994796368986337,9.115983689704146,M  94,Deep sky object
M 94,M  94,192.72114082143,41.12025024573,SyG,16.633955999999998,8.239999771118164,-12.223283939949548,-2.7593755642783604,10.939180427644972,M  94,Deep sky object
M 94,M  94,192.72114082143,41.12025024573,SyG,16.960112,8.239999771118164,-12.462956174066205,-2.8134809674995047,11.153674161520366,M  94,Deep sky object
M 94,M  94,192.72114082143,41.12025024573,SyG,14.2530172,8.239999771118164,-10.473676630897947,-2.364406120764007,9.373376170354616,M  94,Deep sky object
M 94,M  94,192.72114082143,41.12025024573,SyG,17.286268,8.239999771118164,-12.702628408182864,-2.867586370720649,11.368167895395757,M  94,Deep sky object
M 94,M  94,192.72114082143,41.12025024573,SyG,14.024708,8.239999771118164,-10.305906067016288,-2.3265323385092063,9.223230556641841,M  94,Deep sky object
M 94,M  94,192.72114082143,41.12025024573,SyG,15.329332,8.239999771118164,-11.264595003482917,-2.542953951393783,10.081205492143408,M  94,Deep sky object
M 64,M  64,194.18206666666663,21.68265833333333,SyG,19.0148948,8.520000457763672,-17.130956155514863,-4.329093537378243,7.025348005438912,M  64,Deep sky object
M 64,M  64,194.18206666666663,21.68265833333333,SyG,14.350864,8.520000457763672,-12.929023513596121,-3.267240405568485,5.302149438067103,M  64,Deep sky object
M 64,M  64,194.18206666666663,21.68265833333333,SyG,16.4382624,8.520000457763672,-14.809608751937375,-3.7424753736511738,6.073371174513227,M  64,Deep sky object
M 64,M  64,194.18206666666663,21.68265833333333,SyG,24.4617,8.520000457763672,-22.038108261811573,-5.569159782219009,9.037754723978017,M  64,Deep sky object
M 64,M  64,194.18206666666663,21.68265833333333,SyG,24.3964688,8.520000457763672,-21.979339973113408,-5.554308689466425,9.013654044714075,M  64,Deep sky object
M 64,M  64,194.18206666666663,21.68265833333333,SyG,14.3834796,8.520000457763672,-12.958407657945203,-3.274665951944777,5.3141997776990735,M  64,Deep sky object
M 64,M  64,194.18206666666663,21.68265833333333,SyG,14.546557599999998,8.520000457763672,-13.105328379690611,-3.3117936838262367,5.374451475858926,M  64,Deep sky object
M 64,M  64,194.18206666666663,21.68265833333333,SyG,14.369128736,8.520000457763672,-12.945478634431607,-3.2713987115392085,5.308897628261007,M  64,Deep sky object
M 64,M  64,194.18206666666663,21.68265833333333,SyG,14.3834796,8.520000457763672,-12.958407657945203,-3.274665951944777,5.3141997776990735,M  64,Deep sky object
M 64,M  64,194.18206666666663,21.68265833333333,SyG,17.286268,8.520000457763672,-15.57359650501351,-3.9355395794347663,6.3866800049444645,M  64,Deep sky object
M 64,M  64,194.18206666666663,21.68265833333333,SyG,17.938579999999998,8.520000457763672,-16.16127939199515,-4.084050506960606,6.627686797583878,M  64,Deep sky object
M 64,M  64,194.18206666666663,21.68265833333333,SyG,17.0905744,8.520000457763672,-15.397291638919018,-3.8909863011770143,6.314377967152641,M  64,Deep sky object
M 64,M  64,194.18206666666663,21.68265833333333,SyG,23.809388,8.520000457763672,-21.45042537482993,-5.420648854693169,8.7967479313386,M  64,Deep sky object
M 64,M  64,194.18206666666663,21.68265833333333,SyG,16.633955999999998,8.520000457763672,-14.985913618031866,-3.7870286519089253,6.14567321230505,M  64,Deep sky object
M 64,M  64,194.18206666666663,21.68265833333333,SyG,24.3964688,8.520000457763672,-21.979339973113408,-5.554308689466425,9.013654044714075,M  64,Deep sky object
M 64,M  64,194.18206666666663,21.68265833333333,SyG,55.44652,8.520000457763672,-49.95304539343956,-12.62342883969642,20.485577374350168,M  64,Deep sky object
M 64,M  64,194.18206666666663,21.68265833333333,SyG,18.264736,8.520000457763672,-16.455120835485975,-4.158305970723527,6.748190193903585,M  64,Deep sky object
M 64,M  64,194.18206666666663,21.68265833333333,SyG,13.372395999999998,8.520000457763672,-12.047499183123659,-3.0444740142797246,4.940639249107981,M  64,Deep sky object
M 63,M  63,198.95530912247,42.02936891003,LIN,24.5269312,8.59000015258789,-17.230690650116053,-5.917973165297347,16.4210610931315,M  63,Deep sky object
M 63,M  63,198.95530912247,42.02936891003,LIN,24.624778,8.59000015258789,-17.29943010749684,-5.941582100797205,16.486570645364736,M  63,Deep sky object
M 63,M  63,198.95530912247,42.02936891003,LIN,24.4617,8.59000015258789,-17.184864345195535,-5.902233874964111,16.377388058309343,M  63,Deep sky object
M 63,M  63,198.95530912247,42.02936891003,LIN,25.440168,8.59000015258789,-17.872258919003357,-6.138323229962675,17.032483580641717,M  63,Deep sky object
M 63,M  63,198.95530912247,42.02936891003,LIN,29.4845024,8.59000015258789,-20.713489824075683,-7.114159230623408,19.74021173961553,M  63,Deep sky object
M 63,M  63,198.95530912247,42.02936891003,LIN,29.47308694,8.59000015258789,-20.705470220714595,-7.111404854815092,19.73256895852165,M  63,Deep sky object
M 63,M  63,198.95530912247,42.02936891003,LIN,29.4845024,8.59000015258789,-20.713489824075683,-7.114159230623408,19.74021173961553,M  63,Deep sky object
M 63,M  63,198.95530912247,42.02936891003,LIN,29.3214244,8.59000015258789,-20.598924061774383,-7.074811004790314,19.63102915256013,M  63,Deep sky object
M 63,M  63,198.95530912247,42.02936891003,LIN,26.744792,8.59000015258789,-18.788785017413787,-6.453109036627428,17.90594427708488,M  63,Deep sky object
M 63,M  63,198.95530912247,42.02936891003,LIN,32.289444,8.59000015258789,-22.684020935658108,-7.790948714952627,21.618152236968335,M  63,Deep sky object
M 63,M  63,198.95530912247,42.02936891003,LIN,29.4845024,8.59000015258789,-20.713489824075683,-7.114159230623408,19.74021173961553,M  63,Deep sky object
M 63,M  63,198.95530912247,42.02936891003,LIN,32.941756,8.59000015258789,-23.142283984863315,-7.948341618285001,22.05488258518991,M  63,Deep sky object
M 63,M  63,198.95530912247,42.02936891003,LIN,22.83092,8.59000015258789,-16.0392067221825,-5.50875161663317,15.285562187755385,M  63,Deep sky object
M 63,M  63,198.95530912247,42.02936891003,LIN,26.744792,8.59000015258789,-18.788785017413787,-6.453109036627428,17.90594427708488,M  63,Deep sky object
M 63,M  63,198.95530912247,42.02936891003,LIN,24.2660064,8.59000015258789,-17.04738543043397,-5.855016003964398,16.246368953842868,M  63,Deep sky object
M 63,M  63,198.95530912247,42.02936891003,LIN,26.744792,8.59000015258789,-18.788785017413787,-6.453109036627428,17.90594427708488,M  63,Deep sky object
M 83,M  83,204.25383,-29.865761111111112,SBG,14.579173199999998,7.519999980926514,-11.527040810617851,-5.19348018823645,-7.259985184581594,M  83,Deep sky object
M 83,M  83,204.25383,-29.865761111111112,SBG,13.926861199999998,7.519999980926514,-11.011289543923539,-4.961109710015579,-6.935153632698748,M  83,Deep sky object
M 83,M  83,204.25383,-29.865761111111112,SBG,15.981644,7.519999980926514,-12.63590603401062,-5.693076716411321,-7.958373021129712,M  83,Deep sky object
M 83,M  83,204.25383,-29.865761111111112,SBG,15.974468568,7.519999980926514,-12.630232770076985,-5.690520641150892,-7.954799874059002,M  83,Deep sky object
M 83,M  83,204.25383,-29.865761111111112,SBG,15.1988696,7.519999980926514,-12.017004513977447,-5.414232142546276,-7.568575158870298,M  83,Deep sky object
M 83,M  83,204.25383,-29.865761111111112,SBG,15.981644,7.519999980926514,-12.63590603401062,-5.693076716411321,-7.958373021129712,M  83,Deep sky object
M 83,M  83,204.25383,-29.865761111111112,SBG,15.1988696,7.519999980926514,-12.017004513977447,-5.414232142546276,-7.568575158870298,M  83,Deep sky object
M 83,M  83,204.25383,-29.865761111111112,SBG,14.579173199999998,7.519999980926514,-11.527040810617851,-5.19348018823645,-7.259985184581594,M  83,Deep sky object
M 83,M  83,204.25383,-29.865761111111112,SBG,14.67702,7.519999980926514,-11.604403500621999,-5.22833575996958,-7.308709917364022,M  83,Deep sky object
M 83,M  83,204.25383,-29.865761111111112,SBG,15.329332,7.519999980926514,-12.12015476731631,-5.4607062381904505,-7.633541469246868,M  83,Deep sky object
M 83,M  83,204.25383,-29.865761111111112,SBG,16.8296496,7.519999980926514,-13.306382680713225,-5.995158338098452,-8.380654038577411,M  83,Deep sky object
M 83,M  83,204.25383,-29.865761111111112,SBG,15.329332,7.519999980926514,-12.12015476731631,-5.4607062381904505,-7.633541469246868,M  83,Deep sky object
M 83,M  83,204.25383,-29.865761111111112,SBG,14.67702,7.519999980926514,-11.604403500621999,-5.22833575996958,-7.308709917364022,M  83,Deep sky object
M  3,M   3,205.5484166666666,28.37727777777778,GlC,0.0326156,6.389999866485596,-0.02589051371662442,-0.012376008103769121,0.015501389817197815,M   3,Deep sky object
M 62,M  62,255.30249999999995,-30.112361111111102,GlC,20.9392152,,-4.59563584562513,-17.520636475765496,-10.505149301670688,M  62,Deep sky object
M 62,M  62,255.30249999999995,-30.112361111111102,GlC,21.1022932,,-4.631427402055231,-17.657090030872702,-10.586965106200832,M  62,Deep sky object
M 62,M  62,255.30249999999995,-30.112361111111102,GlC,0.0228309199999999,,-0.005010817900214294,-0.019103497715009025,-0.011454212634220326,M  62,Deep sky object
M 70,M  70,280.80316666666664,-32.292111111111105,GlC,30.006352,,4.75438498188071,-24.915877269521843,-16.030472347441787,M  70,Deep sky object
M 70,M  70,280.80316666666664,-32.292111111111105,GlC,0.0293540399999999,,0.004651028786622418,-0.02437422776366259,-0.01568198381814952,M  70,Deep sky object
M 54,M  54,283.763875,-30.47986111111111,GlC,73.61340919999999,,15.093855174471878,-61.61885894577463,-37.339332777105724,M  54,Deep sky object
M 54,M  54,283.763875,-30.47986111111111,GlC,76.64666,,15.715799583521894,-64.15787262852034,-38.87790519548005,M  54,Deep sky object
M 54,M  54,283.763875,-30.47986111111111,GlC,0.08806212,,0.01805645058532303,-0.0737133004668106,-0.044668231501189835,M  54,Deep sky object
M 54,M  54,283.763875,-30.47986111111111,GlC,0.0978467999999999,,0.020062722872581124,-0.08190366718534503,-0.049631368334655326,M  54,Deep sky object
M 54,M  54,283.763875,-30.47986111111111,GlC,0.0978467999999999,,0.020062722872581124,-0.08190366718534503,-0.049631368334655326,M  54,Deep sky object
M 55,M  55,294.9987916666667,-30.96475,GlC,0.0163078,6.489999771118164,0.005909490263138428,-0.01267364057611212,-0.008390536348613037,M  55,Deep sky object
M  4,M   4,245.89675000000005,-26.52575,GlC,0.0065231199999999,,-0.0023835047846363076,-0.005327580912144346,-0.002913225205947823,M   4,Deep sky object
M 80,M  80,244.26004166666672,-22.976083333333328,GlC,29897.9703612,,-11954.238594137167,-24794.806017570318,-11670.578644809944,M  80,Deep sky object
M 80,M  80,244.26004166666672,-22.976083333333328,GlC,0.0326156,,-0.013040840551401603,-0.02704857438069278,-0.01273139682222849,M  80,Deep sky object
M 28,M  28,276.1370416666666,-24.86983333333333,GlC,16.3404156,,1.5849049175552485,-14.740134343399788,-6.8720955989827885,M  28,Deep sky object
M 28,M  28,276.1370416666666,-24.86983333333333,GlC,0.0195693599999999,,0.0018980897216230423,-0.0176528555010775,-0.008230054609560184,M  28,Deep sky object
M 22,M  22,279.09975000000003,-23.90475,GlC,9.2628304,,1.3392884444429827,-8.361690769320552,-3.753459865245017,M  22,Deep sky object
M 22,M  22,279.09975000000003,-23.90475,GlC,10.110836,,1.4618993583708613,-9.127197670737223,-4.097086472626603,M  22,Deep sky object
M 22,M  22,279.09975000000003,-23.90475,GlC,0.0097846799999999,,0.0014147413145524316,-0.008832771939423027,-0.003964922392864414,M  22,Deep sky object
M 75,M  75,301.52017083333334,-21.922261111111112,GlC,0.06849276,8.260000228881836,0.03321870027217897,-0.054165180209923856,-0.025571651833059424,M  75,Deep sky object
M107,M 107,248.13275,-13.05377777777778,GlC,0.0195693599999999,,-0.00710040013180036,-0.01769201476621312,-0.004420043245266108,M 107,Deep sky object
M 26,M  26,281.3201,-9.387200000000002,OpC,6265.45676,8.869999885559082,1213.378053355582,-6061.296852654351,-1021.9308073774758,M  26,Deep sky object
M 26,M  26,281.3201,-9.387200000000002,OpC,5182.61884,8.869999885559082,1003.6739858313482,-5013.7432060737965,-845.3139265605462,M  26,Deep sky object
M 26,M  26,281.3201,-9.387200000000002,OpC,5407.66648,8.869999885559082,1047.2570601059629,-5231.457668766742,-882.0204469712936,M  26,Deep sky object
M 26,M  26,281.3201,-9.387200000000002,OpC,5701.20688,8.869999885559082,1104.1045482902432,-5515.433054887977,-929.8985170722684,M  26,Deep sky object
M 26,M  26,281.3201,-9.387200000000002,OpC,5159.78792,8.869999885559082,999.2525145281262,-4991.6562315977,-841.5900766638036,M  26,Deep sky object
NGC  6705,NGC  6705,282.7654,-6.271799999999999,OpC,6.816660399999999,5.800000190734863,1.4971915408606997,-6.608382425128239,-0.7446866603877987,NGC  6705,Deep sky object
NGC  6705,NGC  6705,282.7654,-6.271799999999999,OpC,7610.7197976,5.800000190734863,1671.5964463812481,-7378.179930019015,-831.4337485878053,NGC  6705,Deep sky object
NGC  6705,NGC  6705,282.7654,-6.271799999999999,OpC,7.628788839999999,5.800000190734863,1.6755650785039122,-7.395696886303804,-0.8334077027019432,NGC  6705,Deep sky object
NGC  6705,NGC  6705,282.7654,-6.271799999999999,OpC,7175.432,5.800000190734863,1575.991095642842,-6956.192026450778,-783.8806951450514,NGC  6705,Deep sky object
NGC  6705,NGC  6705,282.7654,-6.271799999999999,OpC,7185.21668,5.800000190734863,1578.140174409628,-6965.677742850485,-784.9496233657038,NGC  6705,Deep sky object
NGC  6705,NGC  6705,282.7654,-6.271799999999999,OpC,6161.08684,5.800000190734863,1353.2032634860584,-5972.839426347964,-673.0684696040919,NGC  6705,Deep sky object
NGC  6705,NGC  6705,282.7654,-6.271799999999999,OpC,6157.82528,5.800000190734863,1352.4869038971299,-5969.677520881395,-672.7121601972078,NGC  6705,Deep sky object
NGC  6705,NGC  6705,282.7654,-6.271799999999999,OpC,5707.73,5.800000190734863,1253.629280624988,-5533.3345664949375,-623.5414620472,NGC  6705,Deep sky object
NGC  6705,NGC  6705,282.7654,-6.271799999999999,OpC,6121.94812,5.800000190734863,1344.6069484189156,-5934.896560749141,-668.7927567214825,NGC  6705,Deep sky object
M 10,M  10,254.28770833333337,-4.100305555555555,GlC,0.0130462399999999,4.980000019073486,-0.0035239695793867,-0.012526604565603894,-0.0009328422150322132,M  10,Deep sky object
M 12,M  12,251.80908333333335,-1.9485277777777772,GlC,0.0163078,6.070000171661377,-0.005088095556582877,-0.015483803233806728,-0.000554492438034997,M  12,Deep sky object
M  5,M   5,229.63841666666676,2.081027777777778,GlC,25.4075524,5.949999809265137,-16.443311342990526,-19.347092920472782,0.9226194030133767,M   5,Deep sky object
M  5,M   5,229.63841666666676,2.081027777777778,GlC,24.4617,5.949999809265137,-15.83117266655057,-18.62685454474273,0.8882728527086425,M   5,Deep sky object
M  5,M   5,229.63841666666676,2.081027777777778,GlC,0.0260924799999999,5.949999809265137,-0.016886584177653877,-0.019868644847725502,0.0009474910428892151,M   5,Deep sky object
M 71,M  71,298.44370833333335,18.779194444444443,GlC,0.0130462399999999,,0.005883073099955006,-0.01086070511350628,0.00419987064987027,M  71,Deep sky object
M 27,M  27,299.90151327087,22.721197794319995,PN,0.78929752,14.08899974822998,0.36293781930933905,-0.6311296382047618,0.3048640585124104,M  27,Deep sky object
M 27,M  27,299.90151327087,22.721197794319995,PN,1269.0893038,14.08899974822998,583.5575214147123,-1014.7756110481976,490.18235325401423,M  27,Deep sky object
M 27,M  27,299.90151327087,22.721197794319995,PN,1227.30382786,14.08899974822998,564.3435632656148,-981.3635558421634,474.0428248009905,M  27,Deep sky object
M 27,M  27,299.90151327087,22.721197794319995,PN,844.7440399999999,14.08899974822998,388.4334512442926,-675.4651913017904,326.28012873848877,M  27,Deep sky object
M 27,M  27,299.90151327087,22.721197794319995,PN,861.05184,14.08899974822998,395.93216651927895,-688.5050598597401,332.57897292262953,M  27,Deep sky object
M 56,M  56,289.14820833333334,30.18347222222221,GlC,0.0326156,,0.009247854341055614,-0.02663371417766777,0.01639816521897855,M  56,Deep sky object
M 57,M  57,283.39623652463,33.02913424654,PN,2.74623352,15.769000053405762,0.5334349040137205,-2.2397779406961953,1.496876924106379,M  57,Deep sky object
M 57,M  57,283.39623652463,33.02913424654,PN,2568.967734,15.769000053405762,499.002377846089,-2095.2032006999502,1400.2554741952367,M  57,Deep sky object
M 57,M  57,283.39623652463,33.02913424654,PN,2566.74335008,15.769000053405762,498.57030824450067,-2093.3890337693624,1399.043039441982,M  57,Deep sky object
M 57,M  57,283.39623652463,33.02913424654,PN,2870.1728,15.769000053405762,557.5091633397554,-2340.860555596974,1564.4319396836265,M  57,Deep sky object
M 13,M  13,250.42347499999997,36.46131944444445,GlC,0.0260924799999999,5.800000190734863,-0.007031381768952087,-0.019772044985288194,0.015506238101789327,M  13,Deep sky object
M 92,M  92,259.2807916666667,43.13594444444444,GlC,29.1257308,6.519999980926514,-3.953163402804644,-20.88314884424284,19.914185599566796,M  92,Deep sky object
M 92,M  92,259.2807916666667,43.13594444444444,GlC,26.418636,6.519999980926514,-3.5857361212449734,-18.942161885595407,18.06325905447828,M  92,Deep sky object
M 92,M  92,259.2807916666667,43.13594444444444,GlC,0.0260924799999999,6.519999980926514,-0.0035414677740690965,-0.01870830803515589,0.017840255856274776,M  92,Deep sky object
M 29,M  29,305.9286,38.4904,OpC,5244.588479999999,6.599999904632568,2408.7208100364546,-3324.0228035788787,3264.145337624176,M  29,Deep sky object
M 29,M  29,305.9286,38.4904,OpC,3750.794,6.599999904632568,1722.6548081728376,-2377.25511449982,2334.432299917788,M  29,Deep sky object
M 29,M  29,305.9286,38.4904,OpC,5821.884599999999,6.599999904632568,2673.8598544247952,-3689.913373375807,3623.444917698479,M  29,Deep sky object
M 29,M  29,305.9286,38.4904,OpC,3825.80988,6.599999904632568,1757.1079043362945,-2424.8002167898167,2381.1209459161437,M  29,Deep sky object
M 29,M  29,305.9286,38.4904,OpC,3744.27088,6.599999904632568,1719.6588867673197,-2373.120757778951,2330.3724176570613,M  29,Deep sky object
M 88,M  88,187.99646877602,14.420319158839998,Sy2,63.60041999999999,13.18000030517578,-60.99775631927845,-8.568841984686909,15.838626683895015,M  88,Deep sky object
M 88,M  88,187.99646877602,14.420319158839998,Sy2,54.46805199999999,13.18000030517578,-52.239104129843604,-7.338444161244687,13.564362339540859,M  88,Deep sky object
M 88,M  88,187.99646877602,14.420319158839998,Sy2,46.7055392,13.18000030517578,-44.794249768823974,-6.292606011318798,11.631237646839827,M  88,Deep sky object
M 88,M  88,187.99646877602,14.420319158839998,Sy2,36.427059016,13.18000030517578,-34.93638672961505,-4.907793261034576,9.071553127269224,M  88,Deep sky object
M 88,M  88,187.99646877602,14.420319158839998,Sy2,65.06812199999999,13.18000030517578,-62.40539684972334,-8.766584492025837,16.20413345352336,M  88,Deep sky object
M 88,M  88,187.99646877602,14.420319158839998,Sy2,68.16660399999999,13.18000030517578,-65.37708241399588,-9.184040896408021,16.975758856072094,M  88,Deep sky object
M 88,M  88,187.99646877602,14.420319158839998,Sy2,64.1875008,13.18000030517578,-61.56081253145641,-8.647938987622481,15.984829391746354,M  88,Deep sky object
M 88,M  88,187.99646877602,14.420319158839998,Sy2,49.901868,13.18000030517578,-47.859778035126176,-6.7232452495235755,12.427230167363783,M  88,Deep sky object
M 88,M  88,187.99646877602,14.420319158839998,Sy2,106.653012,13.18000030517578,-102.2885452123285,-14.36928886662882,26.560158592993183,M  88,Deep sky object
M 88,M  88,187.99646877602,14.420319158839998,Sy2,58.70808,13.18000030517578,-56.30562121779551,-7.909700293557149,14.620270785133862,M  88,Deep sky object
M 88,M  88,187.99646877602,14.420319158839998,Sy2,66.7967488,13.18000030517578,-64.06328458558066,-8.999481222891689,16.63461920441897,M  88,Deep sky object
M 88,M  88,187.99646877602,14.420319158839998,Sy2,63.3068796,13.18000030517578,-60.71622821318949,-8.529293483219126,15.765525329969348,M  88,Deep sky object
M 88,M  88,187.99646877602,14.420319158839998,Sy2,54.46805199999999,13.18000030517578,-52.239104129843604,-7.338444161244687,13.564362339540859,M  88,Deep sky object
M100,M 100,185.72887499733,15.822304516100004,AGN,46.640308,9.350000381469728,-44.64907241683729,-4.4792967326020126,12.71670411042831,M 100,Deep sky object
M100,M 100,185.72887499733,15.822304516100004,AGN,46.5098456,9.350000381469728,-44.5241799065804,-4.466767231252077,12.68113291011942,M 100,Deep sky object
M100,M 100,185.72887499733,15.822304516100004,AGN,47.5861604,9.350000381469728,-45.554543116199724,-4.570135617389047,12.974595312667766,M 100,Deep sky object
M100,M 100,185.72887499733,15.822304516100004,AGN,46.7055392,9.350000381469728,-44.711518671965734,-4.485561483276981,12.734489710582755,M 100,Deep sky object
M100,M 100,185.72887499733,15.822304516100004,AGN,51.930884476,9.350000381469728,-49.71377593902973,-4.987399336095281,14.159205210954589,M 100,Deep sky object
M100,M 100,185.72887499733,15.822304516100004,AGN,45.43353079999999,9.350000381469728,-43.493816696961076,-4.363398845115107,12.387670507571073,M 100,Deep sky object
M100,M 100,185.72887499733,15.822304516100004,AGN,45.43353079999999,9.350000381469728,-43.493816696961076,-4.363398845115107,12.387670507571073,M 100,Deep sky object
M100,M 100,185.72887499733,15.822304516100004,AGN,51.858804,9.350000381469728,-49.644772827112796,-4.980476786599441,14.139552122783925,M 100,Deep sky object
M100,M 100,185.72887499733,15.822304516100004,AGN,49.6083276,9.350000381469728,-47.49037702518149,-4.764342888313051,13.525948917455567,M 100,Deep sky object
M100,M 100,185.72887499733,15.822304516100004,AGN,58.70808,9.350000381469728,-56.201629615599394,-5.638275607471066,16.007040139000672,M 100,Deep sky object
M100,M 100,185.72887499733,15.822304516100004,AGN,65.6225872,9.350000381469728,-62.82093265921443,-6.3023391790176575,17.892313755371863,M 100,Deep sky object
M100,M 100,185.72887499733,15.822304516100004,AGN,63.50257319999999,9.350000381469728,-60.791429367540005,-6.098734782081202,17.31428175035239,M 100,Deep sky object
M100,M 100,185.72887499733,15.822304516100004,AGN,54.46805199999999,9.350000381469728,-52.14262303225054,-5.231066813598154,14.850976128961731,M 100,Deep sky object
M100,M 100,185.72887499733,15.822304516100004,AGN,65.2312,9.350000381469728,-62.446255128443774,-6.264750674967851,17.78560015444519,M 100,Deep sky object
M100,M 100,185.72887499733,15.822304516100004,AGN,49.575712,9.350000381469728,-47.45915389761727,-4.761210512975567,13.517056117378345,M 100,Deep sky object
